index,heading,local_x,local_y,longitude,latitude,altitude,s
1,296.04,-469.60739304841263,696.885687568225,121.436527442,31.034510209,15.165,0
79,295.65,-469.3488253739197,696.3323697983287,121.436530232,31.034505251,15.144,0.6107518291218129
102,295.11,-469.0909398474614,695.7780638304539,121.436533015,31.034500284000003,15.131,1.222111012236211
119,294.59000000000003,-468.83830335672246,695.2103059459478,121.436535745,31.034495195,15.125,1.843540181065431
133,294.21000000000004,-468.5913435250404,694.6394128012471,121.436538416,31.034490077,15.119,2.465559586816308
145,293.85,-468.354577936756,694.0699935215525,121.43654098,31.034484971,15.123,3.08224123879203
156,293.5,-468.1138543523266,693.4833341459744,121.436543588,31.034479710000003,15.113,3.7163682505604214
166,293.18,-467.8686309250188,692.904372157529,121.436546242,31.034474519000003,15.099,4.345122187617835
175,292.89,-467.6325087376754,692.3434987212531,121.436548798,31.034469490000003,15.097,4.953671855989897
184,292.58,-467.40067053289386,691.7427734071389,121.436551315,31.034464101,15.094,5.597581675928975
192,292.31,-467.1886948933243,691.1755877379328,121.436553619,31.034459012000003,15.086,6.203084157446336
200,292.16,-466.9696800906095,690.5862404629588,121.436556,31.034453724,15.079,6.831811200229986
208,291.84000000000003,-466.7257083217264,689.9725947109982,121.436558646,31.03444822,15.093,7.492177260011368
215,291.72,-466.5008458034136,689.4121014834382,121.436561084,31.034443193,15.115,8.09609431580851
222,291.68,-466.2925744872773,688.8258988177404,121.436563352,31.034437932000003,15.112,8.718196000741392
229,291.54,-466.0794362249435,688.2259910162538,121.436565673,31.034432548,15.111,9.354841340907411
236,291.48,-465.8579568271525,687.6014642124064,121.436568085,31.034426943000003,15.122,10.017477630563889
243,291.45,-465.62348301161546,686.9573528165929,121.436570636,31.034421163,15.125,10.70293912502536
250,291.42,-465.3817248365958,686.3017196143046,121.436573265,31.03441528,15.122,11.401725151740003
256,291.39,-465.1705618572305,685.7174718976021,121.436575563,31.034410037,15.117,12.02296198123947
262,291.35,-464.9546133385156,685.1205179961398,121.436577913,31.03440468,15.117,12.657775121625013
268,291.33,-464.7339734728448,684.5177329964936,121.436580313,31.034399271,15.116,13.299672080740542
274,291.29999999999995,-464.5075698796427,683.8971281591803,121.436582776,31.034393702000003,15.115,13.960284638229039
280,291.26,-464.2788611500873,683.2707258011214,121.436585264,31.034388081000003,15.114,14.627133644493954
286,291.23,-464.04826932313154,682.6288864230737,121.436587774,31.034382321,15.115,15.309138320336803
292,291.19,-463.81202355545247,681.9749938440509,121.436590345,31.034376453000004,15.113,16.004399111441373
298,291.14,-463.5736448289245,681.3166365730576,121.436592939,31.034370545,15.113,16.704583882434594
304,291.09000000000003,-463.3331484328373,680.6459432607517,121.436595557,31.034364526,15.111,17.41709215305528
310,291.01,-463.0906740980572,679.9733373844065,121.436598196,31.03435849,15.111,18.13206940298783
315,290.93,-462.88697360269725,679.401500988286,121.436600414,31.034353358,15.108,18.7391037971847
320,290.89,-462.6833466976532,678.8312177746557,121.436602631,31.034348240000003,15.109,19.34465054204124
325,290.88,-462.4780746946926,678.2489377679303,121.436604867,31.034343014,15.112,19.962053653008056
330,290.86,-462.2721785049071,677.6703075985424,121.436607109,31.034337821,15.114,20.576224731693845
335,290.83,-462.06554490776034,677.0830194237642,121.43660936,31.03433255,15.119,21.198803918387515
340,290.82,-461.8569758018712,676.4975887602195,121.436611631,31.034327296,15.122,21.820278080159152
345,290.83,-461.64877693000017,675.8994135931134,121.4366139,31.034321927,15.127,22.453650246259603
350,290.83,-461.438769499131,675.3076432780363,121.436616187,31.034316616,15.129,23.081579563003757
355,290.84000000000003,-461.22507822857006,674.7062865584157,121.436618514,31.034311219000003,15.131,23.719775350632222
360,290.87,-461.01277031126665,674.1083861934021,121.436620826,31.034305853000003,15.132,24.354251117098634
365,290.88,-460.7960118482006,673.5011103716679,121.436623186,31.034300403000003,15.132,24.999051981686872
370,290.84000000000003,-460.5796744537074,672.8978316984139,121.436625541,31.034294989000003,15.133,25.639947469156663
375,290.83,-460.359834756644,672.2856343807653,121.436627934,31.034289495000003,15.132,26.290420411054466
380,290.83,-460.14398048172006,671.6751561537385,121.436630285,31.034284016,15.133,26.93793622837221
385,290.79999999999995,-459.9317388815689,671.0589636755176,121.436632599,31.034278485,15.128,27.589656772049295
390,290.81,-459.7131976453238,670.4426825637929,121.436634979,31.034272954,15.13,28.243539544882566
395,290.84000000000003,-459.4955681388383,669.8158819088712,121.436637351,31.034267328,15.133,28.907046638366417
400,290.86,-459.2747264098725,669.1934707486071,121.436639756,31.034261742,15.134,29.567475833416093
405,290.86,-459.051142848155,668.5623733783141,121.436642191,31.034256078,15.133,30.23700813275723
410,290.87,-458.82799438847,667.9342755507678,121.436644621,31.034250441,15.134,30.90356804456423
415,290.89,-458.6016911071493,667.2997030457482,121.436647085,31.034244746,15.131,31.577285670326972
420,290.87,-458.3766850856482,666.667920478154,121.436649535,31.034239076,15.132,32.24793977076003
425,290.85,-458.1493785961648,666.0300078573637,121.43665201,31.034233351,15.133,32.92514044406508
430,290.85,-457.9235633865465,665.394666171167,121.436654469,31.034227649,15.134,33.59941899712318
435,290.84000000000003,-457.69856944546336,664.7552339625545,121.43665692,31.034221910000003,15.133,34.27728020927155
440,290.82,-457.4714724814985,664.1159939048812,121.436659393,31.034216173,15.133,34.955661283872125
445,290.81,-457.2460776619846,663.4711235812865,121.436661849,31.034210385,15.13,35.6387868645063
450,290.79999999999995,-457.01817618723726,662.8279918693006,121.436664331,31.034204613000004,15.13,36.32110459192803
455,290.77,-456.78999426745577,662.1776498542167,121.436666817,31.034198776,15.127,37.010315535760554
460,290.72,-456.5614838582114,661.5302966362797,121.436669306,31.034192966000003,15.125,37.696816224694295
465,290.69,-456.33308259327896,660.8751842631027,121.436671795,31.034187086000003,15.123,38.39060247370207
470,290.68,-456.10464230930666,660.222843024414,121.436674284,31.034181231,15.121,39.0817855572879
475,290.68,-455.87686202448094,659.5643025226891,121.436676767,31.034175320000003,15.116,39.778606517483134
480,290.68,-455.64771267509786,658.9080709745176,121.436679264,31.03416943,15.112,40.473695913991406
485,290.64,-455.41409123915946,658.2507787034847,121.436681808,31.034163531,15.106,41.17127179150549
490,290.6,-455.18027419463033,657.5938162915409,121.436684354,31.034157635000003,15.098,41.8686024311732
495,290.61,-454.9401980491239,656.9338832721114,121.436686966,31.034151713000004,15.089,42.57084750646706
500,290.58,-454.7055343787069,656.2760220244527,121.436689521,31.034145809,15.087,43.26930900102828
505,290.57,-454.4804592258879,655.6151914158836,121.436691976,31.034139877,15.093,43.96741781606952
510,290.52,-454.2521341063548,654.9546476891264,121.436694465,31.034133948,15.106,44.666310064680175
515,290.41,-454.0155220648157,654.2927678325213,121.436697041,31.034128008000003,15.124,45.3692113399535
520,290.45,-453.7840361511917,653.6329557183199,121.436699563,31.034122086000004,15.135,46.068452181333186
525,290.51,-453.5577212878852,652.9652339355089,121.436702032,31.034116092,15.131,46.773484660438726
530,290.51,-453.33011408982566,652.3011525901966,121.436704514,31.034110131,15.127,47.475488271398326
535,290.51,-453.1033612242318,651.6374158742838,121.436706987,31.034104173000003,15.126,48.17688921957688
540,290.58,-452.8728137676371,650.9719627685845,121.4367095,31.034098200000003,15.13,48.88114767045061
545,290.67,-452.63994243973866,650.3020422877744,121.436712038,31.034092187,15.133,49.59038846592563
550,290.74,-452.4056003592559,649.6348727992736,121.436714591,31.034086199,15.136,50.297517405420685
555,290.82,-452.1683726325864,648.9624519636855,121.436717175,31.034080164,15.139,51.01055791930038
560,290.88,-451.931387553981,648.2931388295256,121.436719756,31.034074157000003,15.139,51.72058749547348
565,290.9,-451.69236962514697,647.6190298115835,121.436722359,31.034068107000003,15.137,52.43581650661255
570,290.9,-451.4538978462224,646.9468132280745,121.436724956,31.034062074,15.136,53.14907937855245
575,290.9,-451.2148249524762,646.2698209094815,121.43672756,31.034055998000003,15.135,53.86704487073021
580,290.89,-450.9742859834223,645.5952470479533,121.436730179,31.034049944000003,15.136,54.58322144832163
585,290.89,-450.7313794737565,644.9193094773218,121.436732823,31.034043878,15.138,55.30147987801755
590,290.93,-450.4901173947728,644.2418429120444,121.43673545,31.034037798000004,15.138,56.02062404842034
595,290.93,-450.2463358648238,643.560238822829,121.436738104,31.034031681,15.142,56.74451186347143
600,290.96000000000004,-450.0031051631668,642.8801946300082,121.436740752,31.034025578,15.143,57.46674539801397
605,291.02,-449.7586928529781,642.195920871105,121.436743413,31.034019437,15.146,58.193359432075546
610,291.04,-449.5144417757401,641.5137558639981,121.436746072,31.034013315000003,15.146,58.917933572970135
615,291.04,-449.26833782834,640.8275735806674,121.436748751,31.034007157,15.146,59.646914559610295
620,291.03,-449.023255716369,640.1434012884274,121.436751419,31.034001017,15.144,60.37365864598255
625,290.99,-448.7758138564532,639.4573110635392,121.436754112,31.033994860000004,15.145,61.10300579976167
630,290.99,-448.5340174835292,638.7703024703078,121.436756746,31.033988694,15.142,61.831323239572804
635,290.98,-448.29096464748727,638.08438488096,121.436759393,31.033982538000004,15.139,62.55903033757635
640,290.96000000000004,-448.047152863408,637.3981240191497,121.436762048,31.033976379,15.138,63.287314730178956
645,290.97,-447.8014726144611,636.7089543319307,121.436764723,31.033970194,15.139,64.01896604228335
650,290.96000000000004,-447.5587169395876,636.0222648764029,121.436767367,31.033964031000004,15.144,64.74730162840856
655,290.93,-447.31397863238817,635.333995393943,121.436770032,31.033957854,15.156,65.47778894486001
660,290.92,-447.0703466932173,634.6485131639056,121.436772685,31.033951702000003,15.164,66.20527943241382
665,290.93,-446.824336292746,633.962443143595,121.436775363,31.033945545,15.167,66.93412316731795
670,290.92,-446.5784933638061,633.2780384942889,121.436778039,31.033939403,15.169,67.66134285193982
675,290.91,-446.33170214662096,632.5931770415045,121.436780725,31.033933257,15.176,68.38931339694125
680,290.93,-446.0885348377633,631.9085883167572,121.436783373,31.033927113,15.185,69.11580638530948
685,290.93,-445.8474798516254,631.2231423831545,121.436785999,31.033920961000003,15.196,69.84240368384182
690,290.93,-445.6005618905765,630.5404965137132,121.436788686,31.033914835,15.199,70.56833333783996
695,290.98,-445.3549864232191,629.8574260715395,121.436791359,31.033908705,15.206,71.29420697638808
700,291.0,-445.1147810171824,629.1726573174819,121.436793976,31.033902559,15.208,72.01988382156287
705,290.97,-444.8736475990736,628.4859907729551,121.436796603,31.033896396000003,15.213,72.7476586965766
710,290.97,-444.62662937672576,627.8036761265248,121.436799291,31.033890273,15.213,73.47331100926168
715,291.06,-444.38010551809566,627.1201489055529,121.436801974,31.033884139,15.215,74.19993572304688
720,291.13,-444.13598344643833,626.435546813067,121.436804632,31.033877995,15.213,74.92676143180125
725,291.16,-443.89274065586505,625.7495158254169,121.436807281,31.033871838000003,15.218,75.65463887422004
730,291.2,-443.6436270950944,625.066839131061,121.436809991,31.033865712,15.224,76.38134723056152
735,291.24,-443.392764226126,624.386355175171,121.436812719,31.033859606000004,15.233,77.10659932001089
740,291.25,-443.143190501316,623.7024524840526,121.436815434,31.033853469,15.237,77.83461713231672
745,291.22,-442.8966349285911,623.0143793141469,121.436818118,31.033847294,15.254,78.5655304907839
750,291.18,-442.6500465674908,622.3286339011975,121.436820802,31.033841140000003,15.264,79.29426404374505
755,291.18,-442.4048880284536,621.6362565853633,121.436823472,31.033834926,15.266,80.02876323145362
760,291.15,-442.1622379675391,620.9487927211449,121.436826115,31.033828756,15.259,80.75779383209256
765,291.09000000000003,-441.9105844643782,620.263419537805,121.436828852,31.033822606,15.253,81.48790744386442
770,291.14,-441.6603673390928,619.5777339721099,121.436831574,31.033816453000004,15.254,82.21782066116411
775,291.22,-441.40480067330645,618.899068646133,121.436834351,31.033810364,15.277,82.94301094332768
780,291.21000000000004,-441.159161918913,618.2136692418717,121.436837025,31.033804213000003,15.294,83.67109798552913
785,291.12,-440.9139563902281,617.5246173273772,121.436839695,31.033798029000003,15.301,84.40247907098743
790,291.08,-440.6550707296701,616.8443531924859,121.436842507,31.033791926000003,15.296,85.13033968845619
795,291.07,-440.3966170586064,616.1673102909699,121.436845314,31.033785852,15.297,85.8550364461276
800,291.06,-440.15232380881207,615.481264647562,121.436847974,31.033779695000003,15.314,86.58327941158211
805,291.0,-439.915896343824,614.7925579948351,121.436850552,31.033773513000003,15.346,87.31143791061312
810,290.99,-439.6712040784769,614.107726290822,121.436853216,31.033767367000003,15.361,88.03867155088433
815,291.06,-439.4234056169517,613.4197466163896,121.436855913,31.033761193000004,15.361,88.76991713888224
820,291.14,-439.1783501975588,612.7335794134997,121.436858581,31.033755035,15.344,89.49853060904017
825,291.18,-438.9344638491166,612.0525285536423,121.436861236,31.033748923,15.338,90.22193286551227
830,291.21000000000004,-438.6879703875748,611.3667846051976,121.436863919,31.033742769000003,15.349,90.95063293372375
835,291.26,-438.43872010026826,610.6869887034409,121.43686663,31.033736669000003,15.362,91.67468277577031
840,291.31,-438.1892442528042,610.0028658201918,121.436869344,31.033730530000003,15.375,92.4028739030528
845,291.36,-437.9372820113204,609.3190405671485,121.436872084,31.033724394000004,15.381,93.13164131988296
850,291.41,-437.6868406840949,608.6356801874936,121.436874808,31.033718262,15.387,93.85944779612825
855,291.4,-437.43484094413,607.9545152322389,121.436877548,31.033712150000003,15.395,94.58573256480335
860,291.4,-437.1854463709751,607.2713913284242,121.436880261,31.03370602,15.406,95.312957372605
865,291.41,-436.932105597225,606.5905401268974,121.436883015,31.033699911000003,15.423,96.03941446443136
870,291.4,-436.6824090100709,605.9085206631571,121.436885731,31.033693791,15.438,96.76570568326648
875,291.38,-436.432141254365,605.2263823044486,121.436888453,31.033687670000003,15.452,97.49230508456513
880,291.39,-436.182159811724,604.5442479820922,121.436891172,31.033681549,15.461,98.21880212888227
885,291.4,-435.9289676913759,603.8663923162967,121.436893924,31.033675467,15.469,98.94240046598473
890,291.39,-435.6784150401945,603.1841391068883,121.436896649,31.033669345000003,15.478,99.6692058544912
895,291.39,-435.4249739273801,602.5036191460676,121.436899404,31.033663239000003,15.485,100.39538752235399
900,291.38,-435.1744305651519,601.8207008820027,121.436902129,31.033657111000004,15.492,101.12281403530913
905,291.34000000000003,-434.9229529451695,601.1363282115199,121.436904864,31.033650970000004,15.496,101.85192784361057
910,291.29999999999995,-434.67185241088737,600.4522934546694,121.436907595,31.033644832,15.501,102.58059445249027
915,291.24,-434.4163486983744,599.7690836987458,121.436910372,31.033638702,15.505,103.310017318664
920,291.17,-434.165955222561,599.0822872286662,121.436913096,31.033632539000003,15.511,104.04103461260694
925,291.08,-433.9067148831091,598.4000227269717,121.436915912,31.033626418,15.51,104.7708910394963
930,290.99,-433.6564620067948,597.7100131059997,121.436918635,31.033620226000004,15.518,105.50487998977925
935,290.9,-433.4099756094511,597.0237150941975,121.436921318,31.033614067,15.532,106.23409909613827
940,290.84000000000003,-433.161118210468,596.3295121709816,121.436924027,31.033607837,15.542,106.97155940261597
945,290.78,-432.9137817277224,595.6357741211541,121.43692672,31.033601611,15.546,107.70806997109102
950,290.71000000000004,-432.664306010236,594.938014768064,121.436929436,31.033595349,15.554,108.44908700762934
955,290.66,-432.421092163364,594.2362414328381,121.436932087,31.033589050000003,15.564,109.19181090608981
960,290.63,-432.1725253186305,593.53494713502,121.436934794,31.033582756,15.575,109.93585335679604
965,290.58,-431.9322466127924,592.8281152220443,121.436937415,31.033576411,15.586,110.68240892048853
970,290.54,-431.68430385174,592.1231711050496,121.436940116,31.033570084,15.596,111.42968518857401
974,290.52,-431.4916624606704,591.5521563454531,121.436942218,31.033564958000003,15.613,112.03231987163683
978,290.48,-431.29332248476567,590.9858287088573,121.436944379,31.033559875,15.622,112.63237465081461
982,290.46000000000004,-431.09471017174656,590.4184994418174,121.436946543,31.033554783000003,15.63,113.23346478392513
987,290.45,-430.8438601452508,589.7166187339462,121.436949274,31.033548484,15.638,113.97882527648873
991,290.43,-430.6448987292242,589.1469563604333,121.436951442,31.033543371,15.644,114.58223298680055
995,290.41,-430.4543190218392,588.5651056547649,121.436953524,31.033538147,15.653,115.1944999780337
999,290.4,-430.255865991523,587.9932331009768,121.436955687,31.033533014000003,15.661,115.79982784210227
1003,290.38,-430.0473299362348,587.4255425245501,121.436957955,31.03352792,15.669,116.40460869242645
1007,290.36,-429.8479332805728,586.8528806380928,121.436960128,31.03352278,15.676,117.01099195612201
1011,290.36,-429.6483519416652,586.2797726900317,121.436962303,31.033517636000003,15.684,117.61785720555629
1015,290.4,-429.4601352946484,585.706381150987,121.436964359,31.033512488000003,15.699,118.2213498428455
1019,290.45,-429.2613346558064,585.1320646577515,121.436966526,31.033507333000003,15.707,118.82910071977315
1023,290.49,-429.0699269279721,584.5479849972762,121.436968617,31.033502089,15.727,119.44374367959257
1027,290.53,-428.8688354528276,583.9736362877302,121.436970808,31.033496934,15.74,120.05227816631701
1031,290.57,-428.6671634655795,583.3998337546363,121.436973005,31.033491784,15.753,120.66048942683881
1035,290.62,-428.4669656267506,582.8298214431852,121.436975186,31.033486668,15.761,121.26463610594715
1039,290.67,-428.2660680991248,582.255253745243,121.436977375,31.033481511,15.772,121.87331324214072
1043,290.71000000000004,-428.0578240625328,581.6803609724157,121.436979641,31.033476352,15.79,122.48476011556899
1047,290.73,-427.85404741199454,581.1068614530377,121.43698186,31.033471205,15.803,123.09338694871991
1051,290.77,-427.651129783073,580.5333740250207,121.43698407,31.033466058,15.817,123.70171530924625
1055,290.79,-427.4489052245626,579.958122478798,121.436986273,31.033460895,15.836,124.31147683106961
1059,290.79,-427.2452099174843,579.3856219248846,121.436988491,31.033455757,15.851,124.91913517451343
1063,290.78,-427.0396573866601,578.816199529916,121.436990728,31.033450647,15.865,125.52452241159394
1067,290.75,-426.8360512459185,578.244143710006,121.436992945,31.033445513,15.88,126.13173186609923
1071,290.77,-426.6343556293869,577.6720039048232,121.436995142,31.033440378,15.898,126.7383825715325
1075,290.77,-426.42554994748207,577.1030900981277,121.436997413,31.033435273,15.922,127.34440462743846
1079,290.74,-426.22209877171554,576.5335864187218,121.436999628,31.033430162,15.944,127.94915814894755
1083,290.74,-426.0241555751418,575.9661558335647,121.437001785,31.033425069000003,15.962,128.55012318789872
1087,290.76,-425.8227746128687,575.3987877611071,121.437003978,31.033419977,15.981,129.15217038007745
1091,290.76,-425.6214703671285,574.8327511786483,121.43700617,31.033414897000004,16.001,129.75293723338632
1096,290.7,-425.3696900035138,574.1290836953558,121.437008911,31.033408582000003,16.024,130.50029342593788
1101,290.63,-425.1203866104479,573.4257836653851,121.437011626,31.033402270000003,16.05,131.24647243525868
1106,290.58,-424.8733989216271,572.7207423448563,121.437014317,31.033395942,16.074,131.99352409483924
1111,290.52,-424.62772755342303,572.0239237132482,121.437016993,31.033389688000003,16.096,132.73238174453326
1116,290.48,-424.389704591129,571.3263257439248,121.437019589,31.033383426,16.117,133.46946915955496
1121,290.43,-424.148037692532,570.6366589539684,121.437022222,31.033377236000003,16.144000000000002,134.20025173395464
1126,290.4,-423.9113453870523,569.953048971016,121.437024802,31.033371100000004,16.183,134.92367820310378
1131,290.39,-423.6748333685682,569.276980494149,121.437027379,31.033365032000003,16.23,135.63992293802374
1136,290.39,-423.44788186677033,568.5999378389679,121.437029856,31.033358954,16.273,136.35399138089392
1141,290.39,-423.2190251341672,567.9361724415794,121.437032351,31.033352996,16.311,137.05610241686193
1146,290.34000000000003,-423.0030450433842,567.2800162793137,121.43703471,31.033347105,16.347,137.7468905963308
1151,290.35,-422.7787315188907,566.6326122675091,121.437037155,31.033341294000003,16.397000000000002,138.4320537241853
1156,290.42,-422.563185633684,565.9930922882631,121.437039507,31.033335553,16.453,139.10692099445723
1161,290.45,-422.3459079295863,565.3613086515106,121.437041876,31.033329882,16.509,139.77502290611906
1166,290.51,-422.1366529780789,564.7360681663267,121.43704416,31.033324269,16.566,140.43435082077409
1171,290.54,-421.9196793910232,564.1165950661525,121.437046524,31.033318709000003,16.625,141.0907230164979
1176,290.57,-421.707271769701,563.4982948722318,121.43704884,31.033313159,16.674,141.74449065671737
1181,290.59000000000003,-421.4930633867043,562.8858453081921,121.437051174,31.033307662,16.724,142.3933201411264
1186,290.59000000000003,-421.2787283412763,562.275611310266,121.437053509,31.033302185000004,16.763,143.04010066334666
1191,290.6,-421.065793832182,561.6676143626682,121.437055829,31.033296728000003,16.776,143.68430668121002
1196,290.63,-420.8554910075036,561.0557740908116,121.437058122,31.033291236,16.774,144.33128102098968
1201,290.62,-420.6432654713281,560.4516674741171,121.437060434,31.033285814000003,16.775,144.97158132751704
1206,290.61,-420.4334748203983,559.8509211270139,121.43706272,31.033280422,16.793,145.60790537293374
1211,290.62,-420.22414424153976,559.2514007962309,121.437065001,31.033275041000003,16.814,146.24292026903257
1216,290.62,-420.0166209459421,558.6523493598215,121.437067263,31.033269664,16.831,146.8768986138361
1221,290.6,-419.8085720380186,558.0567274177447,121.43706953,31.033264318,16.842,147.50781053001103
1226,290.56,-419.6024445731309,557.4602455715649,121.437071777,31.033258964,16.853,148.13890412418158
1231,290.56,-419.3957743499777,556.8684125142172,121.437074029,31.033253652000003,16.861,148.76578445479316
1236,290.58,-419.1898898648215,556.2818012665957,121.437076272,31.033248387,16.871,149.38747664315014
1241,290.59000000000003,-418.9853712762706,555.693102764897,121.437078501,31.033243103,16.878,150.0106891101027
1246,290.6,-418.7804552731104,555.1055073486641,121.437080734,31.033237829,16.884,150.63299043705703
1251,290.62,-418.574918209808,554.5213400819339,121.437082973,31.033232586,16.893,151.2522616861152
1256,290.65,-418.369839661289,553.9385096747428,121.437085207,31.033227355,16.904,151.870119675146
1261,290.67,-418.166637340968,553.3580338764004,121.437087421,31.033222145000003,16.911,152.48513458183123
1266,290.68,-417.9641720869695,552.7794531881809,121.437089627,31.033216952000004,16.917,153.09811728293892
1271,290.7,-417.76202312426176,552.2055333741009,121.437091829,31.033211801,16.924,153.70659748484974
1276,290.71000000000004,-417.5616518188617,551.6341885128058,121.437094012,31.033206673,16.93,154.31205897045885
1282,290.72,-417.3224928299314,550.9561982648447,121.437096617,31.033200588000003,16.933,155.03099415412743
1288,290.76,-417.0876356261433,550.2845879592933,121.437099176,31.03319456,16.938,155.74248435693704
1294,290.78,-416.8526205696981,549.6174101224169,121.437101736,31.033188572,16.939,156.44984447934638
1300,290.79999999999995,-416.6188669391559,548.955571656581,121.437104282,31.033182632000003,16.941,157.1517496828117
1306,290.84000000000003,-416.3866548479418,548.2995199696161,121.437106811,31.033176744,16.941,157.84768521953586
1312,290.84000000000003,-416.15570729982574,547.648585961666,121.437109326,31.033170902,16.937,158.5383746234555
1318,290.82,-415.9263059674413,547.0031061982736,121.437111824,31.033165109,16.933,159.22340680974224
1324,290.83,-415.6998841600725,546.3629899714142,121.43711429,31.033159364000003,16.924,159.9023881193089
1330,290.83,-415.473434258427,545.7248689639382,121.437116756,31.033153637,16.92,160.5794981385358
1336,290.81,-415.2474525634316,545.0941826440394,121.437119216,31.033147977,16.913,161.24944810725026
1342,290.82,-415.0245988529059,544.4650924671441,121.437121643,31.033142331,16.906,161.91684471119814
1348,290.82,-414.8038890088792,543.8396910661831,121.437124047,31.033136718,16.9,162.58004886345765
1354,290.81,-414.5828132687602,543.2199387461878,121.437126454,31.033131156000003,16.89,163.23805146300322
1360,290.82,-414.3638124524732,542.6019894895144,121.437128839,31.033125610000003,16.886,163.89366006678878
1366,290.84000000000003,-414.1453047919204,541.9897013995796,121.437131218,31.033120115000003,16.874,164.54376952126256
1372,290.85,-413.9289612662397,541.3796610967256,121.437133574,31.03311464,16.863,165.19103584373747
1378,290.85,-413.714932239207,540.7747532422654,121.437135905,31.033109211000003,16.854,165.83269146539146
1384,290.89,-413.50118364131777,540.1770556969568,121.437138232,31.033103847000003,16.843,166.4674597843611
1390,290.98,-413.2890919664642,539.5769423893653,121.437140542,31.033098461,16.838,167.1039492661993
1396,291.04999999999995,-413.0747472329531,538.9808994769119,121.437142875,31.033093112000003,16.828,167.73736131081947
1402,291.12,-412.86092216015095,538.3886333624832,121.437145202,31.033087797,16.818,168.36704401826762
1408,291.21000000000004,-412.6488841059036,537.7982771284878,121.43714751,31.033082499,16.811,168.99432435389613
1414,291.28,-412.4362689903355,537.2150082779117,121.437149823,31.033077265000003,16.799,169.61513651503702
1420,291.32,-412.2228493717848,536.6278477692977,121.437152145,31.033071996,16.79,170.23988077988324
1426,291.33,-412.0020364350057,536.043687551748,121.437154544,31.033066755000004,16.771,170.86438179094458
1432,291.34000000000003,-411.7883304152056,535.456523028668,121.437156869,31.033061486,16.762,171.48922772400533
1438,291.35,-411.57300640043104,534.8690031492151,121.437159211,31.033056214,16.747,172.11496252413312
1444,291.32,-411.35924385517137,534.2790661654435,121.437161537,31.03305092,16.71,172.74243369524575
1450,291.28,-411.14177277189447,533.6880792193115,121.437163902,31.033045617000003,16.664,173.3721631947613
1456,291.31,-410.9223833111464,533.0977305006236,121.437166287,31.03304032,16.625,174.00195946749062
1462,291.31,-410.7065188893466,532.5011119465344,121.437168636,31.033034966,16.588,174.63642865325338
1468,291.32,-410.4961496526376,531.9006903422996,121.437170928,31.033029577,16.549,175.27263720285433
1474,291.29999999999995,-410.2759677568101,531.2988003203645,121.437173323,31.033024176,16.517,175.91353631016784
1480,291.26,-410.0550942988484,530.6985635845922,121.437175725,31.033018790000003,16.485,176.55312150652762
1486,291.26,-409.82600588642526,530.0986547772773,121.437178213,31.033013408,16.464,177.19528354044164
1492,291.26,-409.60411828249926,529.4958538454957,121.437180626,31.033007999,16.436,177.83762540590948
1498,291.25,-409.382019833196,528.9012541193515,121.43718304,31.033002664,16.406,178.47235098087373
1504,291.21000000000004,-409.1639704428381,528.2970659155399,121.437185413,31.032997242,16.378,179.11468183196263
1510,291.18,-408.9412346237223,527.6934770043008,121.437187835,31.032991826000003,16.352,179.758056387636
1516,291.19,-408.715921279334,527.0830889563076,121.437190285,31.032986349,16.330000000000002,180.40870196880317
1522,291.19,-408.4938532101805,526.4727465594187,121.437192701,31.032980872000003,16.302,181.0581879723303
1528,291.12,-408.2756452016183,525.8594650495797,121.437195077,31.032975368,16.273,181.70913262843484
1534,291.06,-408.0513910786249,525.2484267158434,121.437197516,31.032969885000004,16.242,182.36002260145244
1540,291.04999999999995,-407.8285839236924,524.6295371786691,121.437199941,31.032964331,16.215,183.0177970973953
1546,290.99,-407.6021558736684,524.0101532512344,121.437202404,31.032958773,16.178,183.6772712147055
1552,290.94,-407.3773220357834,523.3860244690441,121.437204851,31.032953172000003,16.154,184.3406617417833
1558,290.94,-407.1585716769332,522.7569922404364,121.437207235,31.032947526,16.14,185.00664467258875
1564,290.9,-406.9346132840728,522.1181304645725,121.437209675,31.032941792000003,16.101,185.68362453225419
1570,290.85,-406.70721433172,521.4863157966174,121.43721215,31.032936122,16.104,186.35511545413942
1576,290.88,-406.47526926361024,520.8451243606396,121.437214674,31.032930368,16.096,187.03696952371132
1582,290.89,-406.2487208110397,520.2003502217121,121.437217142,31.032924581000003,16.06,187.7203858621111
1588,290.73,-406.0185093709733,519.5580745129846,121.437219648,31.032918817,16.03,188.4026727469029
1594,290.6,-405.7865853368421,518.9018054706976,121.437222174,31.032912927,16.019000000000002,189.09871715171627
1600,290.53,-405.5547801085049,518.243875103537,121.437224699,31.032907022000003,16.006,189.79628867630464
1606,290.43,-405.3243139174301,517.5789789501578,121.437227211,31.032901054000003,15.995,190.49999426815893
1612,290.39,-405.0948505245033,516.9106600284576,121.437229713,31.032895055,15.984,191.2066084696833
1618,290.38,-404.8652180277277,516.2407865985297,121.437232217,31.032889042,15.971,191.91474793031153
1624,290.37,-404.63069537020056,515.5656336415559,121.437234773,31.032882982,15.96,192.62947332667295
1630,290.4,-404.3949754823116,514.8873595772311,121.437237342,31.032876894,15.951,193.34753987782406
1636,290.43,-404.1600300737773,514.208320343867,121.437239903,31.032870799,15.95,194.06607562880598
1641,290.46000000000004,-403.9598434185027,513.6373110464774,121.437242084,31.032865674000004,15.952,194.67115935413275
1646,290.53,-403.7599645660957,513.0579910534434,121.437244263,31.032860474000003,15.951,195.2839914763069
1651,290.61,-403.5595803766628,512.4806595644914,121.437246447,31.032855292,15.946,195.89510969032958
1656,290.67,-403.35791131062433,511.8996513974853,121.437248645,31.032850077000003,15.935,196.51012261891285
1661,290.74,-403.1514884246863,511.3172459695488,121.437250893,31.032844850000004,15.925,197.1280275390493
1666,290.86,-402.9428370710812,510.73037452204153,121.437253165,31.032839583,15.914,197.7508866589637
1671,290.97,-402.7321154113743,510.141367489472,121.437255459,31.032834297,15.907,198.37645272444843
1676,291.06,-402.5190807466279,509.5471171778627,121.437257778,31.032828964000004,15.897,199.00773491272193
1681,291.15,-402.3043528973358,508.951069185976,121.437260115,31.032823615,15.889,199.64128148393334
1686,291.24,-402.0883230193285,508.3525638128631,121.437262466,31.032818244,15.879,200.27758140522585
1691,291.26,-401.86833565536654,507.7503441716544,121.437264859,31.03281284,15.87,200.91872330571317
1696,291.26,-401.6455549164093,507.1430962323211,121.437267282,31.032807391,15.858,201.565547329289
1701,291.31,-401.4230792056187,506.53452218323946,121.437269702,31.03280193,15.849,202.21351169181784
1706,291.39,-401.20162188838,505.9214169154875,121.437272112,31.032796428,15.837,202.86538699638442
1711,291.42,-400.9767080708407,505.309704312589,121.437274558,31.032790939,15.827,203.51713735799913
1716,291.42,-400.75262953998754,504.6929035801441,121.437276996,31.032785404,15.816,204.17337994388782
1721,291.42,-400.5268110522884,504.0776305198669,121.437279452,31.032779883000003,15.808,204.82878434430762
1726,291.37,-400.3017323990353,503.45726798754185,121.437281901,31.032774316,15.798,205.48871621326302
1731,291.28,-400.0728999832063,502.8390700095333,121.437284389,31.032768769,15.786,206.14790739535513
1736,291.22,-399.851149556227,502.2196412351914,121.437286803,31.03276321,15.768,206.80583235942646
1741,291.16,-399.62613161682384,501.59495576191694,121.437289252,31.032757604,15.753,207.4698090258639
1746,291.04,-399.4007096700952,500.9650538614951,121.437291706,31.032751951,15.739,208.13883178946912
1751,290.96000000000004,-399.1739124191809,500.3379043005407,121.437294174,31.032746323,15.729,208.80573025612472
1756,290.96000000000004,-398.9550449418021,499.7035490474664,121.43729656,31.032740629000003,15.712,209.47678134192748
1761,290.95,-398.7303818315268,499.0739904399961,121.437299006,31.032734979,15.697,210.14522547075092
1766,290.93,-398.5035841374775,498.440078003332,121.437301475,31.03272929,15.676,210.81848780549385
1771,290.97,-398.2776816759142,497.8103911112994,121.437303934,31.032723639,15.658,211.48747024482844
1776,290.99,-398.04861685598735,497.18154668807983,121.437306426,31.032717996,15.638,212.15673551386791
1781,290.97,-397.82294612406986,496.55574341723695,121.437308882,31.032712380000003,15.623,212.8219851008966
1786,290.98,-397.6002047029906,495.9320878251456,121.437311307,31.032706783,15.604,213.48422375743309
1791,291.06,-397.3786853963393,495.3097798326053,121.437313719,31.032701198,15.586,214.1447826426196
1796,291.15,-397.1559064994799,494.6887845350429,121.437316144,31.032695625,15.568,214.80452925798073
1801,291.23,-396.9314191830927,494.0738629065454,121.437318586,31.032690107,15.551,215.45914606529072
1806,291.31,-396.702328045445,493.4536657840945,121.437321077,31.032684542,15.527,216.1203020378457
1811,291.36,-396.482345893688,492.8442400144413,121.437323471,31.032679073,15.515,216.76821554735835
1816,291.32,-396.262947331008,492.23404639121145,121.437325859,31.032673597,15.496,217.41665366093315
1821,291.26,-396.0415964432177,491.6336924834177,121.437328266,31.03266821,15.469,218.0565138254447
1826,291.26,-395.8234038943774,491.04635444749147,121.437330638,31.03266294,15.47,218.6830710509358
1831,291.27,-395.6066929589142,490.455489508342,121.437332995,31.032657638000003,15.47,219.31242389780746
1836,291.29,-395.4011590312584,489.8641165653244,121.437335235,31.03265233,15.473,219.93849590097554
1841,291.23,-395.19149145594565,489.281554855872,121.437337517,31.032647102,15.481,220.5576393717944
1846,291.12,-394.9876572362264,488.6982991262339,121.437339738,31.032641867,15.488,221.17548695436167
1851,291.06,-394.7770794716198,488.1261461311951,121.437342028,31.032636733,15.494,221.78516067421398
1856,291.04999999999995,-394.57225831836695,487.5519676292315,121.437344258,31.03263158,15.485,222.39477748577434
1861,291.02,-394.3698159634369,486.98513981327415,121.437346462,31.032626493,15.474,222.99667172898708
1867,290.95,-394.1292644799105,486.31090020481497,121.437349081,31.032620442,15.472,223.71253768420632
1873,290.92,-393.8860703309765,485.6412798538804,121.437351727,31.032614433000003,15.465,224.42495245697668
1879,290.91,-393.6475691611995,484.97737973183393,121.437354323,31.032608475000004,15.463,225.13039287263084
1885,290.87,-393.4134758221335,484.31232206942514,121.437356873,31.032602506000003,15.462,225.8354470448217
1891,290.86,-393.1804970358498,483.6562603209168,121.43735941,31.032596618000003,15.456,226.53164826050153
1897,290.85,-392.95513709570514,483.00152526423335,121.437361867,31.032590741000003,15.449,227.2240824429855
1903,290.81,-392.7207019106136,482.353979811538,121.437364418,31.03258493,15.443,227.91275868717815
1909,290.83,-392.4930705287843,481.7114082011394,121.437366897,31.032579163,15.437,228.59445826946038
1915,290.88,-392.2739042172325,481.0642992299981,121.437369288,31.032573354,15.439,229.27767411577165
1921,290.88,-392.04852964897873,480.4309613374062,121.437371742,31.03256767,15.433,229.9499170645694
1927,290.9,-391.820240097295,479.8012410704978,121.437374226,31.032562019,15.424,230.61974072342534
1933,290.96000000000004,-391.5893522523693,479.1865621893666,121.437376735,31.032556504,15.414,231.27635272746053
1939,290.95,-391.3675068616285,478.567021463532,121.43737915,31.032550944,15.407,231.9344151016779
1945,290.94,-391.14622791222064,477.9479321804829,121.437381559,31.032545388000003,15.402,232.59186161192594
1951,290.98,-390.9286640639766,477.3362123752013,121.437383928,31.032539898000003,15.397,233.2411189940453
1957,290.99,-390.7054249651847,476.7275170418434,121.437386356,31.032534436,15.386,233.8894597255138
1963,290.98,-390.4832735689706,476.1229390921071,121.437388772,31.032529011,15.374,234.53356044756524
1969,290.99,-390.2648899184424,475.5151989907026,121.437391149,31.032523557,15.366,235.17934636385115
1975,291.02,-390.0420574818854,474.904735523276,121.437393573,31.032518079000003,15.356,235.8292078412788
1981,291.02,-389.8239020882757,474.2943378346972,121.437395948,31.032512601,15.35,236.47741854312142
1987,291.0,-389.59991016151616,473.6848558792845,121.437398384,31.032507132000003,15.345,237.12675715835013
1993,291.04,-389.3724866696284,473.0749930664897,121.437400856,31.03250166,15.336,237.7776443183805
1999,291.1,-389.15142367157387,472.4608958973549,121.437403262,31.032496149000004,15.331,238.43031895573688
2005,291.13,-388.9308503695065,471.8459186833352,121.437405663,31.03249063,15.321,239.08365620046453
2011,291.19,-388.70726159453625,471.2281273906119,121.437408096,31.032485086,15.314,239.74066306622575
2017,291.26,-388.4762974425103,470.5984804807231,121.437410608,31.032479436000003,15.32,240.41133412617512
2023,291.29,-388.2460563360946,469.971726287622,121.437413112,31.032473812000003,15.317,241.07904048802388
2029,291.31,-388.0203216335504,469.34359420323744,121.437415569,31.032468175,15.307,241.74650289997382
2035,291.32,-387.78385124733904,468.7185262935236,121.437418138,31.032462567000003,15.305,242.41480532800244
2041,291.28,-387.5466714224313,468.0828051781282,121.437420716,31.032456863,15.296,243.09332990817833
2047,291.33,-387.3092110857251,467.4398737680167,121.437423298,31.032451094,15.307,243.77871170660646
2053,291.41,-387.07854412397137,466.782292580232,121.437425811,31.032445192,15.323,244.47557630304755
2059,291.38,-386.8383199754753,466.1322268261574,121.437428423,31.032439359,15.32,245.168608139359
2065,291.38,-386.59006631659577,465.46929845027626,121.437431121,31.032433411000003,15.323,245.87649507291232
2071,291.42,-386.3489542618627,464.8076900509186,121.437433744,31.032427474,15.317,246.5806688419766
2076,291.41,-386.1510267506237,464.2388194748201,121.437435901,31.032422368,15.327,247.18298855114764
2082,291.42,-385.90257393574575,463.5696797654964,121.437438602,31.032416364000003,15.324,247.8967649529813
2088,291.5,-385.65463731013006,462.8977756486274,121.437441298,31.032410335,15.323,248.61295467127334
2093,291.54999999999995,-385.44443713274086,462.32584995916113,121.437443584,31.032405203000003,15.322,249.22228472046334
2098,291.56,-385.23391940351576,461.7561371517368,121.437445873,31.032400091000003,15.316,249.8296482008121
2103,291.57,-385.01496147341095,461.1891882014461,121.43744825,31.032395005,15.319,250.43740940999837
2108,291.61,-384.8008052970399,460.6134374178946,121.437450578,31.032389839,15.317,251.0516991076476
2113,291.64,-384.5849960895139,460.026244089473,121.437452925,31.03238457,15.315,251.67729451923233
2118,291.64,-384.36730315128807,459.4440132938325,121.437455291,31.032379346000003,15.311,252.29889158707095
2123,291.66,-384.143451105745,458.8584807482548,121.437457722,31.032374093,15.306,252.925755288544
2128,291.7,-383.9235577100772,458.2697887313552,121.437460112,31.032368811,15.303,253.55417504970654
2133,291.7,-383.68840778735466,457.6797735062428,121.437462662,31.032363519,15.303,254.18932341979095
2138,291.71000000000004,-383.46570226189215,457.08738334616646,121.437465082,31.032358204,15.3,254.82219295834275
2143,291.74,-383.2332872475381,456.4929719120264,121.437467604,31.032352872,15.3,255.46042621659058
2148,291.77,-383.0092060240568,455.896571204532,121.437470039,31.032347521,15.297,256.0975338987109
2153,291.79,-382.7763822877896,455.29727588780224,121.437472566,31.032342145,15.295,256.7404660637358
2158,291.82,-382.5491024518269,454.697504201904,121.437475035,31.032336764000004,15.293,257.38185689547606
2163,291.88,-382.31093306007097,454.091370834969,121.437477619,31.032331327,15.29,258.03310363649007
2168,291.91,-382.08218051481526,453.4876981074922,121.437480104,31.032325911,15.286,258.6786642369454
2173,291.88,-381.84469168871874,452.88068738905713,121.437482681,31.032320466,15.288,259.33047936013276
2178,291.85,-381.6134994553868,452.2739869575016,121.437485192,31.032315023,15.285,259.97973683017267
2183,291.82,-381.3780165933422,451.66689359629527,121.437487748,31.032309577000003,15.284,260.6309008091653
2188,291.74,-381.1466832826263,451.05664344737306,121.437490261,31.032304102,15.28,261.2835265402749
2193,291.65,-380.90865400253097,450.4405340612866,121.437492845,31.032298575,15.272,261.94401780729254
2198,291.59000000000003,-380.678134116868,449.8267476204783,121.43749535,31.032293068,15.27,262.599664978114
2203,291.52,-380.4365391797037,449.2197900735773,121.43749797,31.032287624,15.262,263.25293795122974
2208,291.44,-380.2063367647934,448.6037907707505,121.437500472,31.032282097000003,15.257,263.91054595978324
2213,291.37,-379.9810178877669,447.9867514781654,121.437502923,31.032276560000003,15.248,264.5674371874141
2218,291.32,-379.7527478081756,447.3691163565964,121.437505405,31.032271018000003,15.246,265.2259053891005
2223,291.26,-379.52499236079166,446.7488276702352,121.437507882,31.032265452,15.236,265.88668568408576
2228,291.21000000000004,-379.29625743912766,446.13029908854514,121.437510369,31.032259902000003,15.234,266.5461530985621
2233,291.16,-379.0717756847735,445.5148237333633,121.437512811,31.032254379,15.23,267.2012881769041
2238,291.11,-378.8451499725343,444.8956596250646,121.437515276,31.032248823000003,15.229,267.8606237564486
2243,291.06,-378.6199372878764,444.27784579619765,121.437517726,31.032243279000003,15.225,268.51820620791005
2248,291.03,-378.3940392749501,443.6612418750301,121.437520183,31.032237746000003,15.222,269.17488749121515
2253,291.02,-378.1741355503327,443.03928976738825,121.437522578,31.032232164000003,15.223,269.8345708033436
2258,290.98,-377.9506927001639,442.4246051241644,121.437525009,31.032226648,15.22,270.4886074368029
2263,290.93,-377.73426017857855,441.8137885448523,121.437527366,31.032221166000003,15.221,271.13663515994625
2268,290.91,-377.51342754490906,441.2035753000528,121.437529769,31.03221569,15.224,271.7855783440711
2273,290.87,-377.30069728242233,440.5942520671524,121.437532087,31.032210221000003,15.219,272.4309688977128
2278,290.85,-377.0833935236442,439.9910730817355,121.437534452,31.032204808000003,15.216,273.07209744334745
2283,290.83,-376.8804681366892,439.383772474248,121.437536667,31.032199356000003,15.206,273.71240419836846
2288,290.79999999999995,-376.6673536163871,438.7881913674064,121.437538987,31.032194011,15.203,274.34496617445484
2293,290.75,-376.4604963653837,438.188928775955,121.437541242,31.032188632,15.201,274.9789264064929
2298,290.72,-376.2506808573962,437.60315037192777,121.437543526,31.032183375,15.2,275.6011473367233
2303,290.69,-376.0522122367984,437.0319442446344,121.437545689,31.032178248,15.193,276.20585076256066
2309,290.65,-375.8134281866369,436.3608343517408,121.437548289,31.032172225000004,15.193,276.9181753451431
2315,290.62,-375.5970387376146,435.712988848798,121.437550651,31.032166409,15.185,277.6012040336558
2321,290.58,-375.37796721822815,435.0929332664237,121.437553037,31.032160844000003,15.184,278.25882189825484
2327,290.54,-375.1752987297368,434.4945056806319,121.437555248,31.032155472000003,15.178,278.89063681709104
2333,290.51,-374.9844310113112,433.9123197593726,121.437557333,31.032150245,15.171,279.5033120433321
2340,290.49,-374.7633308171644,433.2803728948347,121.437559742,31.032144573000004,15.17,280.17282091963693
2347,290.45,-374.558599746495,432.67925551394,121.437561975,31.032139177,15.161,280.80784605056573
2354,290.41,-374.37093289074255,432.0866931164637,121.437564028,31.032133856,15.151,281.4294158725897
2362,290.4,-374.1574683071231,431.4480907497928,121.437566358,31.032128123000003,15.147,282.10275093864334
2370,290.38,-373.9495198887307,430.8449325384572,121.437568625,31.032122709000003,15.147,282.7407496632608
2378,290.35,-373.76448699162574,430.26194175938144,121.437570649,31.032117474000003,15.142,283.3523994172037
2387,290.33,-373.5563215619768,429.6402657139115,121.437572921,31.032111893000003,15.133,284.00800139371995
2396,290.31,-373.3504348296556,429.0262715411373,121.437575168,31.032106381,15.128,284.65559554961277
2405,290.28,-373.1478315553977,428.4231885126792,121.437577379,31.032100967,15.123,285.291800882783
2414,290.25,-372.9495702376007,427.8440029579215,121.437579541,31.032095768,15.116,285.903980151441
2424,290.2,-372.7373540608678,427.23202627617866,121.437581854,31.032090275,15.112,286.55170784473813
2434,290.18,-372.5440167992492,426.6489187567495,121.437583965,31.03208504,15.11,287.1660315997281
2445,290.14,-372.365145268559,426.0283198580146,121.43758593,31.032079465,15.104,287.8118938277632
2456,290.2,-372.19199216290144,425.421992354095,121.437587833,31.032074018000003,15.098,288.44246106447014
2467,290.36,-372.0128450887278,424.82777594449,121.437589797,31.032068681,15.093,289.063095268836
2478,290.48,-371.8245946833049,424.2427443675697,121.437591855,31.032063428,15.088,289.677668422444
2489,290.64,-371.6534526479081,423.6156021519564,121.43759374,31.032057793000003,15.075,290.3277429988459
2500,290.77,-371.4667391976691,423.009527457878,121.437595785,31.03205235,15.071,290.96192629041263
2511,290.91,-371.29418244218687,422.40830824617296,121.437597681,31.032046949,15.065,291.58741839618676
2522,290.96000000000004,-371.1114385414985,421.7982981652021,121.437599685,31.032041470000003,15.052,292.2242132078215
2533,291.04,-370.9047838989645,421.2253140676767,121.437601934,31.032036328,15.074,292.8333247881562
2544,291.11,-370.6960293128504,420.6523004462943,121.437604205,31.032031186,15.097,293.4431797606812
2556,291.16,-370.47639416361926,420.03833477338776,121.437606596,31.032025676000004,15.121,294.09524835085045
2568,291.21000000000004,-370.2578108817688,419.43103591538966,121.437608975,31.032020226,15.136,294.7406866159311
2580,291.23,-370.0354001846281,418.82434844970703,121.437611394,31.032014782,15.159,295.38685702628663
2592,291.23,-369.8231820688816,418.2124826912768,121.437613707,31.03200929,15.181,296.03448055503645
2604,291.24,-369.6061196856317,417.6056487075985,121.43761607,31.032003844,15.188,296.6789676084122
2616,291.2,-369.3910905520315,417.0103734899312,121.43761841,31.031998502,15.188,297.31188949384966
2628,291.19,-369.1752736525377,416.4032244309783,121.43762076,31.031993053,15.178,297.95625500650107
2639,291.21000000000004,-368.9720873713377,415.8211980597116,121.437622974,31.031987829,15.186,298.57272833254024
2650,291.17,-368.75504240306327,415.2199076958932,121.437625336,31.031982433000003,15.184,299.21199245625917
2660,291.17,-368.54222837125417,414.6436219117604,121.43762765,31.031977262,15.197,299.82631738423163
2670,291.17,-368.33369600679725,414.04799460759386,121.437629922,31.031971916000003,15.199,300.4573939505013
2680,291.12,-368.1238105857629,413.4331682878546,121.437632211,31.031966397,15.197,301.1070579355019
2689,291.08,-367.9150007436401,412.857271425426,121.437634483,31.031961229,15.2,301.7196416002551
2698,291.04999999999995,-367.6923318331246,412.2553476816975,121.437636904,31.031955828,15.192,302.3614310026094
2707,291.06,-367.4557395640877,411.6251788111404,121.437639475,31.031950174,15.188,303.0345496453368
2715,291.1,-367.2407608001377,411.0398823972792,121.437641813,31.031944922,15.192,303.6580781218544
2723,291.09000000000003,-367.0310801731539,410.4240611838177,121.4376441,31.031939394,15.195,304.3086176919664
2731,291.04,-366.8061106415698,409.7888450082392,121.43764655,31.031933693000003,15.192,304.98249518814634
2738,290.99,-366.5895480530453,409.2279170900583,121.437648901,31.031928661,15.202,305.58377672298934
2745,291.03,-366.3680734629161,408.6360990772955,121.437651308,31.031923351000003,15.204,306.21567826144565
2752,291.03,-366.1555260813912,408.0204593138769,121.437653625,31.031917825,15.268,306.86697597194
2759,291.03,-365.9279091273784,407.3901949562133,121.437656102,31.031912169,15.272,307.53708240997446
2766,291.01,-365.6995398622239,406.7387444251217,121.43765859,31.031906322,15.308,308.2274014056038
2772,291.02,-365.4953020336689,406.1635771174915,121.437660814,31.03190116,15.337,308.8377541907858
2778,291.04999999999995,-365.2834838248673,405.5775491297245,121.437663119,31.031895901,15.344,309.46088800950065
2784,291.04,-365.0750118516153,404.97759895119816,121.437665391,31.031890516,15.37,310.0960264041403
2790,291.03,-364.8539598197094,404.3625048482791,121.437667797,31.031884996,15.373,310.74963542814123
2796,291.04999999999995,-364.6302203401574,403.7348449919373,121.437670233,31.031879363,15.386,311.41598087156626
2802,291.09000000000003,-364.4016198628233,403.093036679551,121.437672722,31.031873603,15.398,312.097285567048
2808,291.08,-364.16399320267374,402.44134516548365,121.437675307,31.031867755,15.399,312.7909484960858
2814,291.12,-363.9224822499673,401.7807296803221,121.437677934,31.031861827,15.402,313.4943263173969
2820,291.17,-363.678321252286,401.10488816164434,121.437680591,31.031855762000003,15.41,314.21291963155824
2825,291.18,-363.4689603790757,400.5341944266111,121.437682868,31.031850641,15.412,314.8208039251845
2830,291.2,-363.26001363346586,399.95441542193294,121.437685142,31.031845438,15.41,315.4370850597056
2835,291.22,-363.05024365131976,399.3720749071799,121.437687425,31.031840212,15.419,316.05605510787626
2840,291.23,-362.8328854900901,398.7794279400259,121.437689789,31.031834894000003,15.421,316.68730386861165
2845,291.26,-362.6165281847934,398.1767061525025,121.437692144,31.031829485000003,15.426,317.32768191063894
2850,291.29999999999995,-362.3962164559052,397.57004842488095,121.437694541,31.031824041000004,15.422,317.97310491640235
2855,291.33,-362.1752973220428,396.9590583485551,121.437696945,31.031818558,15.423,318.6228080309671
2860,291.34000000000003,-361.9495927583776,396.3421250423417,121.4376994,31.031813022,15.426,319.2797321166686
2865,291.34000000000003,-361.7150895197992,395.7262875717133,121.437701947,31.031807497000003,15.429,319.93870674374745
2870,291.36,-361.4858088007313,395.0988824982196,121.437704441,31.031801867,15.436,320.60669385019634
2875,291.37,-361.257396083849,394.4640615442768,121.437706927,31.031796170000003,15.442,321.28135673845867
2880,291.36,-361.0237724870094,393.8263956578448,121.437709468,31.031790448,15.447,321.9604721687939
2885,291.37,-360.7954438665765,393.1855890834704,121.437711954,31.031784697000003,15.451,322.64074198634444
2890,291.37,-360.5581424271804,392.5378934657201,121.437714535,31.031778885,15.457,323.3305402078501
2895,291.35,-360.3166157855303,391.8851494360715,121.437717161,31.031773028000003,15.458,324.02653581621894
2900,291.36,-360.0768758060294,391.2275523841381,121.437719769,31.031767127,15.466,324.7264709135548
2905,291.37,-359.82109882769873,390.5766036165878,121.437722544,31.031761288,15.473,325.4258679114174
2910,291.34000000000003,-359.5761241723667,389.91106142289937,121.437725208,31.031755316,15.484,326.13506393039575
2915,291.33,-359.3112223902717,389.2504498139024,121.43772808,31.031749391,15.498,326.84680872461536
2920,291.34000000000003,-359.0635119258077,388.5757780750282,121.437730774,31.031743337,15.506,327.5655175873967
2925,291.33,-358.793804402987,387.9106642352417,121.437733697,31.031737372,15.516,328.2832351974228
2930,291.29999999999995,-358.54153364535887,387.2276133708656,121.43773644,31.031731243000003,15.523,329.01138285997433
2935,291.28,-358.28401186468545,386.5513624404557,121.437739237,31.031725176,15.529,329.7350076165999
2940,291.25,-358.0294887817581,385.8587453616783,121.437742005,31.031718961000003,15.536,330.47291033210985
2945,291.22,-357.7532327870722,385.170479147695,121.437745,31.031712788000004,15.541,331.21454889361456
2950,291.18,-357.49454056459945,384.46882324060425,121.437747813,31.031706492,15.547,331.9623741926806
2955,291.14,-357.2313761218102,383.7661066609435,121.437750673,31.031700187,15.516,332.7127515079552
2959,291.09000000000003,-357.0226561707095,383.1973068537191,121.437752943,31.031695083,15.519,333.31863700760505
2963,291.06,-356.79918410634855,382.6388320093975,121.437755366,31.031690074000004,15.492,333.9201633289658
2967,291.03,-356.58902883244446,382.0634708786383,121.437757652,31.031684911000003,15.495,334.532703670444
2971,290.99,-356.3777748718276,381.4847682984546,121.43775995,31.031679718000003,15.497,335.1487596031219
2975,290.95,-356.15741406125017,380.908709358424,121.437762343,31.03167455,15.478,335.7655276220946
2979,290.91,-355.94443998276256,380.3233305825852,121.43776466,31.031669297,15.481,336.38844516825156
2983,290.86,-355.73219170136144,379.7338599395007,121.43776697,31.031664007000003,15.459,337.0149633020803
2987,290.81,-355.51692479860503,379.1417969176546,121.437769312,31.031658694,15.461,337.6449462076102
2991,290.78,-355.30103802034864,378.5462883119472,121.437771661,31.031653350000003,15.462,338.278379393114
2995,290.75,-355.08160237863194,377.9519493528642,121.437774047,31.031648017,15.439,338.9119334943078
2999,290.71000000000004,-354.86484830704285,377.3502200115472,121.437776406,31.031642617000003,15.44,339.5515118927487
3003,290.68,-354.6428365955944,376.7489710939117,121.43777882,31.031637222,15.414,340.19244048547813
3007,290.65,-354.42406357993605,376.1414482956752,121.437781201,31.03163177,15.415,340.8381537211775
3011,290.64,-354.2050478211022,375.5308178141713,121.437783585,31.03162629,15.414,341.4868736049172
3015,290.64,-353.98387872823514,374.9171636556275,121.437785992,31.031620783,15.391,342.1391673991064
3019,290.64,-353.7623636464705,374.300954697188,121.437788403,31.031615253,15.39,342.7939821911738
3023,290.64,-353.5411271013436,373.6853039958514,121.437790811,31.031609728000003,15.362,343.4481774181175
3027,290.63,-353.3173223044141,373.0621891049668,121.437793247,31.031604136,15.361,344.1102655953045
3031,290.63,-353.0920370078529,372.4357273937203,121.437795699,31.031598514,15.359,344.7760040878859
3035,290.63,-352.8664513028343,371.8102592709474,121.437798154,31.031592901000003,15.34,345.44090955704206
3039,290.64,-352.63935510179726,371.1767874923535,121.437800626,31.031587216,15.338,346.1138576819376
3043,290.65,-352.4122070557787,370.5402107159607,121.437803099,31.031581503,15.321,346.78974689405203
3047,290.67,-352.1818650587811,369.8999304282479,121.437805606,31.031575757,15.319,347.47019989199856
3051,290.69,-351.9503304770333,369.2561965067871,121.437808126,31.03156998,15.316,348.15430633414366
3055,290.71000000000004,-351.72086579329334,368.607835276518,121.437810625,31.031564161,15.304,348.8420754276626
3059,290.72,-351.4857974999468,367.95739966630936,121.437813183,31.031558324,15.299,349.5336848445768
3063,290.74,-351.2514191539376,367.3054216257297,121.437815734,31.031552473,15.277,350.2265113556718
3067,290.74,-351.0125074193347,366.6499429778196,121.437818333,31.031546591,15.27,350.92417250178573
3071,290.77,-350.7740257670521,365.991033508908,121.437820928,31.031540678,15.264,351.6249115307379
3075,290.81,-350.5331153345178,365.32832042267546,121.437823549,31.031534731,15.249,352.3300544036138
3079,290.81,-350.29107970633777,364.66415025200695,121.437826182,31.031528771,15.241,353.03695132743957
3083,290.82,-350.0504629617208,363.9941240879707,121.437828801,31.031522758,15.231,353.7488723049948
3087,290.84000000000003,-349.8058216430363,363.3251500190236,121.437831462,31.031516755,15.232,354.4611753863663
3091,290.85,-349.5607404311304,362.653508966323,121.437834128,31.031510728,15.231,355.1761344789737
3095,290.87,-349.322765833058,361.97210066765547,121.437836721,31.031504612000003,15.222,355.8979025711063
3099,290.88,-349.077363524877,361.2961313026026,121.437839391,31.031498546,15.223,356.61703877194066
3103,290.88,-348.8350744555355,360.6092298803851,121.43784203,31.031492381000003,15.217,357.34541886294176
3107,290.91,-348.58770811586874,359.9303503767587,121.437844721,31.031486289000004,15.216,358.067961239861
3111,290.95,-348.34064524050336,359.25025561079383,121.437847409,31.031480186000003,15.219,358.79154188849435
3115,290.95,-348.0935133694438,358.5682751429267,121.437850098,31.031474066,15.218,359.516918701086
3119,290.96000000000004,-347.84436296048807,357.8872641106136,121.437852808,31.031467955000004,15.224,360.24207520310125
3123,290.97,-347.59745153260883,357.2031802851707,121.437855495,31.031461816,15.224,360.96935502094993
3127,290.98,-347.34821495134383,356.5215028547682,121.437858206,31.031455699,15.228,361.6951669749441
3131,290.99,-347.09860276361,355.83937668288127,121.437860921,31.031449578000004,15.23,362.42152939043535
3135,290.99,-346.86195791419595,355.15843062475324,121.4378635,31.031443466,15.222,363.14242350113005
3139,290.98,-346.6118761934922,354.4757435345091,121.43786622,31.031437340000004,15.224,363.86947407035905
3143,290.97,-346.372435904399,353.7831171560101,121.43786883,31.031431123,15.222,364.60231986057255
3147,290.97,-346.1227639694116,353.09844023687765,121.437871546,31.031424979,15.223,365.3310986738713
3151,290.97,-345.8723330614739,352.41342005319893,121.43787427,31.031418832000004,15.225,366.0604602383218
3155,290.95,-345.6317456951947,351.7208884395659,121.437876892,31.031412616,15.225,366.793592093239
3159,290.94,-345.3813193926472,351.0355357378721,121.437879616,31.031406466000004,15.225,367.5232643886748
3163,290.92,-345.13894330960466,350.341205121018,121.437882257,31.031400234000003,15.215,368.25868343325556
3167,290.9,-344.8891021129093,349.6549737243913,121.437884975,31.031394076,15.213,368.9889807379763
3171,290.88,-344.6390668631648,348.96896134177223,121.437887695,31.03138792,15.209,369.71913867652216
3175,290.86,-344.39482215972384,348.2717219381593,121.437890356,31.031381662,15.205,370.45792028234996
3179,290.85,-344.1468084641383,347.5845184540376,121.437893055,31.031375495,15.198,371.18850869026994
3183,290.85,-343.90986983070616,346.8904860531911,121.437895639,31.031369265,15.191,371.92187141732757
3187,290.83,-343.6613756882725,346.2034975667484,121.437898343,31.031363100000004,15.19,372.6524208813125
3191,290.82,-343.41374213347444,345.5164103177376,121.437901038,31.031356934,15.193,373.38277097901573
3195,290.82,-343.17262846190715,344.8205453744158,121.437903666,31.031350688000003,15.202,374.11922452267
3199,290.81,-342.9246114739799,344.133563619107,121.437906365,31.031344523,15.205,374.84960549067756
3203,290.79,-342.68138065800304,343.43888846598566,121.437909015,31.031338288,15.201,375.5856318476818
3207,290.78,-342.4335373635404,342.75312870554626,121.437911712,31.031332134000003,15.199,376.31480449366353
3211,290.77,-342.18703035544604,342.0673877387308,121.437914395,31.03132598,15.196,377.04350633845917
3215,290.77,-341.9519081452745,341.3731592022814,121.43791696,31.031319748,15.188,377.7764699900386
3219,290.78,-341.7062398757553,340.6888713138178,121.437919634,31.031313607,15.186,378.50352075370404
3223,290.79999999999995,-341.467989909288,339.99980957154185,121.437922231,31.031307422,15.177,379.23260862988224
3227,290.83,-341.22420722880634,339.3172112121247,121.437924885,31.031301296,15.174,379.9574331021387
3231,290.85,-340.9803134809481,338.635719968006,121.43792754,31.03129518,15.171,380.6812524691459
3235,290.85,-340.74100605299463,337.95396060543135,121.437930147,31.031289061000003,15.165,381.40379234592217
3239,290.85,-340.4957353990176,337.2753325635568,121.437932816,31.031282971000003,15.161,382.1253834440663
3243,290.86,-340.2507039232296,336.59327101381496,121.437935483,31.03127685,15.156,382.8501236608082
3247,290.86,-340.0057854029001,335.9167544124648,121.437938148,31.031270779000003,15.151,383.56960944489487
3251,290.87,-339.76140995230526,335.2423519254662,121.437940807,31.031264727000003,15.148,384.286922539243
3255,290.88,-339.5265231378726,334.56531116040424,121.437943367,31.03125865,15.148,385.0035507644407
3259,290.9,-339.2856890777475,333.8970561581664,121.437945988,31.031252653000003,15.147,385.71387871161176
3263,290.9,-339.0571035654866,333.219993121922,121.437948482,31.031246575,15.139,386.42848747972477
3267,290.91,-338.8183728970471,332.5583088584244,121.43795108,31.031240637000003,15.13,387.1319207719522
3271,290.93,-338.5803621758241,331.89973899675533,121.43795367,31.031234727,15.12,387.832180271078
3275,290.93,-338.3491643362795,331.2387149739079,121.437956189,31.031228794,15.11,388.53246963969036
3279,290.93,-338.11305363680003,330.5875999275595,121.437958758,31.031222951,15.1,389.22507274825256
3283,290.98,-337.8885880142334,329.93664859002456,121.437961205,31.031217108000003,15.092,389.9136382567939
3287,290.97,-337.6543644730118,329.28711222298443,121.437963754,31.031211279,15.078,390.6041150191618
3291,290.94,-337.4188766583684,328.6392210978084,121.437966316,31.031205465000003,15.068,391.29347517243974
3295,290.97,-337.18660415970953,327.98671876452863,121.437968845,31.031199609,15.064,391.98608603617834
3299,291.0,-336.95474032865604,327.3391003315337,121.437971369,31.031193797,15.067,392.6739599133576
3303,290.98,-336.72526859195204,326.6843091757037,121.437973869,31.03118792,15.065,393.367796158951
3307,290.98,-336.4928179651615,326.0376803125255,121.437976399,31.031182117,15.062,394.05493674179445
3311,290.98,-336.2614079286577,325.39173128362745,121.437978918,31.031176320000004,15.062,394.74108596239375
3315,290.95,-336.0352788718883,324.74363916087896,121.437981382,31.031170503,15.069,395.42749527897104
3319,290.94,-335.80298165866407,324.0996732832864,121.43798391,31.031164724000003,15.07,396.11207839793855
3323,290.94,-335.57415299944114,323.44666507514194,121.437986403,31.031158863,15.075,396.80401934569767
3327,290.93,-335.3436537288944,322.8038331544958,121.437988912,31.031153094,15.075,397.4869269470056
3331,290.9,-335.1141950493911,322.16168107138947,121.43799141,31.031147331000003,15.075,398.1688437919634
3335,290.86,-334.89240404509474,321.52418232895434,121.437993827,31.031141609,15.08,398.8438222332437
3339,290.81,-334.6638671014807,320.8843714236282,121.437996315,31.031135867000003,15.084,399.5232242711938
3343,290.77,-334.4401899744407,320.2384202876128,121.437998753,31.031130069000003,15.091,400.20680625404617
3347,290.74,-334.21420056244824,319.600751681719,121.438001214,31.031124346,15.093,400.88333597643486
3351,290.71000000000004,-333.9890514893341,318.96442529698834,121.438003666,31.031118635,15.094,401.5583199562659
3355,290.67,-333.77464908437105,318.3242587754503,121.438006006,31.031112888000003,15.102,402.2334359215282
3359,290.64,-333.5523872835329,317.693072874099,121.438008427,31.031107223000003,15.103,402.9026114965281
3363,290.61,-333.3246971671469,317.06092373561114,121.438010905,31.03110155,15.111,403.574515747438
3367,290.57,-333.1058719782741,316.4365490428172,121.438013289,31.031095946,15.109,404.23612607103246
3371,290.54,-332.888428678154,315.8157415250316,121.438015658,31.031090374,15.108,404.893912938419
3375,290.51,-332.66409879614366,315.1958350115456,121.438018099,31.031084811000003,15.112,405.5531609808319
3379,290.48,-332.4496117347735,314.5820536850952,121.438020436,31.031079302,15.11,406.20333958413596
3383,290.46000000000004,-332.2289487302187,313.9729528292082,121.438022837,31.031073836,15.122,406.8511790814047
3387,290.43,-332.0176088142325,313.3662003725767,121.43802514,31.03106839,15.121,407.4936844150148
3391,290.39,-331.8077477987972,312.7629055897705,121.438027427,31.031062975,15.121,408.1324380770479
3395,290.36,-331.6016047063167,312.159995675087,121.438029675,31.031057563,15.126,408.7696157130342
3399,290.33,-331.39508486073464,311.563510756474,121.438031926,31.031052209,15.127,409.40084047867003
3403,290.29999999999995,-331.19214812497376,310.963417598512,121.43803414,31.031046822,15.133,410.0343190631179
3407,290.27,-330.989069576608,310.3734113522805,121.438036354,31.031041526000003,15.134,410.6582968410864
3411,290.24,-330.7868972198921,309.7868547230028,121.438038558,31.031036261,15.133,411.27871794096103
3415,290.21000000000004,-330.5861690823804,309.19943146733567,121.438040747,31.031030988,15.138,411.8994899333121
3419,290.18,-330.38696232100483,308.61923595611006,121.438042919,31.03102578,15.135,412.51293118153734
3423,290.15,-330.19350446702447,308.03756912378594,121.438045031,31.031020558,15.136,413.12592567180025
3427,290.12,-329.9965889128507,307.4641687166877,121.438047178,31.031015411,15.135,413.73219604245674
3431,290.08,-329.8007751312689,306.89388807863,121.438049313,31.031010292,15.134,414.33515793445395
3436,290.04,-329.5522563562845,306.1949260770343,121.438052019,31.031004019,15.146,415.0769863925185
3441,290.0,-329.3141273721121,305.49034504778683,121.438054617,31.030997694000003,15.145,415.82072010822486
3446,289.95,-329.0698052943335,304.7916637887247,121.438057279,31.030991423000003,15.157,416.5608881833637
3451,289.94,-328.8344026861596,304.09687739238143,121.438059847,31.030985186,15.153,417.2944701654753
3456,289.97,-328.6080068057054,303.3997785355896,121.438062321,31.030978927000003,15.156,418.0274107570836
3461,289.99,-328.3776370026171,302.71371052227914,121.438064835,31.030972768,15.152,418.75112310675206
3466,289.99,-328.14508776389994,302.0332660996355,121.438067371,31.03096666,15.158,419.470208470763
3471,290.01,-327.91609866562067,301.357639007736,121.438069869,31.030960595000003,15.156,420.18358633307673
3476,290.04,-327.6869424122269,300.6871094550006,121.438072368,31.030954576000003,15.162,420.8921923375397
3481,290.04999999999995,-327.461024111195,300.0239426442422,121.438074832,31.030948623,15.16,421.5927844425713
3486,290.07,-327.23359494749457,299.37317170668393,121.43807731,31.030942782,15.164,422.282151425877
3491,290.13,-327.0157834404381,298.7309618573636,121.438079686,31.030937017000003,15.164,422.9602925197286
3496,290.2,-326.7940654230188,298.1017794068903,121.438082101,31.03093137,15.162,423.6273977852092
3501,290.31,-326.5816744437325,297.4882494453341,121.438084416,31.030925863,15.157,424.2766503876756
3506,290.44,-326.3755384949036,296.8847854444757,121.438086664,31.030920446000003,15.159,424.9143500267939
3511,290.54999999999995,-326.1723327488289,296.2969948812388,121.438088879,31.030915170000004,15.154,425.5362747179488
3516,290.65,-325.9716574384948,295.7125659012236,121.438091067,31.030909924000003,15.158,426.1541968917371
3521,290.74,-325.7696247822605,295.1431957585737,121.438093267,31.030904814000003,15.151,426.75834882091243
3527,290.88,-325.5282406209153,294.4663967085071,121.438095895,31.03089874,15.145,427.4769051983244
3533,291.08,-325.28632036800263,293.8005659645424,121.438098527,31.030892765,15.149,428.1853231458511
3539,291.23,-325.051944730978,293.148145314306,121.438101078,31.030886910000003,15.148,428.8785652710033
3545,291.42,-324.8256131908274,292.5143525279127,121.438103542,31.030881222,15.151,429.55155803630703
3551,291.66,-324.6010590509395,291.9035341991112,121.438105984,31.030875741000003,15.15,430.2023449388647
3557,291.92,-324.38601974543417,291.30859272927046,121.438108324,31.030870402,15.165,430.8349563958021
3563,292.19,-324.1709095639526,290.73227592464536,121.438110662,31.030865231000003,15.173,431.45010958767415
3569,292.46000000000004,-323.95587226579664,290.17114892648533,121.438112997,31.030860197000003,15.172,432.0510293391072
3576,292.75,-323.7040470977663,289.5375521690585,121.438115728,31.030854514,15.216,432.7328363251929
3583,293.11,-323.4586576978327,288.90116333868355,121.438118392,31.030848805,15.22,433.4148969537486
3590,293.49,-323.2112848486868,288.2768311384134,121.438121075,31.030843205000004,15.192,434.0864503937582
3597,293.82,-322.9533226978383,287.67230615997687,121.438123866,31.030837785000003,15.191,434.74371359889295
3604,294.09000000000003,-322.69491638685577,287.07220962643623,121.438126661,31.030832405,15.207,435.39708154356356
3611,294.31,-322.44434999238,286.47809924930334,121.438129373,31.030827078,15.211,436.04186884047436
3618,294.54,-322.1924484774354,285.9042587727308,121.438132096,31.030821934,15.216,436.6685643532909
3625,295.11,-321.94938314688625,285.35382456937805,121.438134723,31.030817000000003,15.231,437.2702773805186
3633,296.31,-321.6847578945453,284.7478755731136,121.438137584,31.030811568,15.241,437.9314889277941
3641,297.97,-321.41369067359483,284.1723244590685,121.438140508,31.030806411,15.248,438.5676779902216
3649,300.2,-321.13222194014816,283.61680494388565,121.438143538,31.030801436,15.257,439.1904352299684
3657,302.71000000000004,-320.83684998116223,283.0859242225997,121.43814671,31.030796685,15.269,439.7979538999599
3666,306.07,-320.48527176858624,282.51921952469274,121.438150476,31.030791618,15.279,440.4648582815529
3675,310.01,-320.10371738817776,281.98635140480474,121.438154551,31.030786860000003,15.286,441.12024532628436
3684,314.21000000000004,-319.6901356093585,281.4906170424074,121.438158956,31.030782441000003,15.288,441.76584771617524
3693,318.53,-319.2476837250288,281.0247435984202,121.438163659,31.030778295,15.294,442.4083442031379
3702,322.82,-318.7678213158506,280.59182617953047,121.438168749,31.030774451000003,15.299,443.0546300712493
3711,327.04,-318.247113662248,280.1917056441307,121.438174262,31.030770908,15.301,443.711313330796
3720,331.28,-317.6939854825032,279.8227265449241,121.43818011,31.03076765,15.305,444.37621660111364
3729,335.52,-317.10665673355106,279.4960614279844,121.43818631,31.030764778,15.306,445.0482769837958
3737,339.19,-316.55961333512096,279.24435431463644,121.438192077,31.030762577,15.307,445.6504505058606
3745,342.67,-315.9855632953695,279.01898658601567,121.438198123,31.030760617,15.303,446.2671546985189
3753,346.0,-315.3943728814484,278.82442073430866,121.438204344,31.030758937,15.302,446.8895388051304
3761,348.97,-314.7851476146607,278.66995701473206,121.438210748,31.030757621000003,15.302,447.5180405683404
3769,351.57,-314.15383560658665,278.54500611592084,121.438217379,31.030756574,15.288,448.1615990961
3777,354.06,-313.51197327609407,278.4370913528837,121.438224118,31.030755682,15.281,448.81246993381416
3785,356.15,-312.866234903282,278.35362375574186,121.438230894,31.030755011000004,15.29,449.4635804358755
3793,358.03,-312.2153270645649,278.30511750653386,121.438237719,31.030754656000003,15.286,450.11629313738786
3801,359.67,-311.56720105552813,278.2760521150194,121.438244512,31.030754476,15.274,450.7650705418756
3809,1.0199999999999818,-310.9165801097988,278.26147527387366,121.438251329,31.030754427,15.265,451.4158547605837
3817,2.079999999999984,-310.27264788671164,278.26007478358224,121.438258074,31.030754496000004,15.26,452.05978850663456
3825,2.909999999999968,-309.63300562207587,278.272703864146,121.438264772,31.030754691,15.251,452.69955543324477
3833,3.5,-309.00110829115147,278.298080671113,121.438271387,31.030755000000003,15.244,453.3319621213508
3841,3.990000000000009,-308.3756923619076,278.32421381166205,121.438277934,31.030755315,15.239,453.9579238019566
3849,4.379999999999996,-307.7544685447938,278.350960241165,121.438284437,31.030755635,15.238,454.57972312846044
3857,4.75,-307.14353486837354,278.3791817314923,121.438290832,31.030755967,15.237,455.1913082897427
3865,5.090000000000032,-306.5362027409137,278.42286438681185,121.438297187,31.030756438,15.228,455.80020933869946
3874,5.490000000000009,-305.86804310278967,278.47422894416377,121.438304178,31.030756986000004,15.218,456.47034038541346
3883,5.920000000000016,-305.1981559872511,278.52623446425423,121.438311187,31.030757540000003,15.231,457.14224314748884
3892,6.240000000000009,-304.54171007242985,278.57288558315486,121.438318056,31.030758044,15.223,457.80034463356844
3901,6.550000000000011,-303.8956988974241,278.6311026918702,121.438324814,31.030758651000003,15.206,458.4489737032065
3910,6.879999999999996,-303.2680102941231,278.696672834456,121.438331379,31.030759322,15.231,459.08007783590784
3919,7.2099999999999795,-302.6342221092782,278.76149208750576,121.438338008,31.030759987000003,15.195,459.71717201953766
3928,7.519999999999982,-302.02204506396083,278.82384342327714,121.438344411,31.030760627000003,15.153,460.3325161703069
3937,7.680000000000007,-301.41647334379377,278.89172010915354,121.438350744,31.030761316000003,15.197,460.941880062207
3946,7.75,-300.81298132863594,278.96106732683256,121.438357055,31.030762018,15.211,461.5493433524222
3956,7.759999999999991,-300.16408724541543,279.03421118622646,121.438363841,31.03076276,15.205,462.20234684047233
3966,7.759999999999991,-299.517764152959,279.1078346846625,121.4383706,31.030763506000003,15.213,462.8528496916301
3976,7.8799999999999955,-298.8781756843091,279.1777833914384,121.438377289,31.030764218,15.212,463.4962517671704
3986,8.0,-298.2520526346634,279.254240790382,121.438383836,31.030764987,15.215,464.1270257418641
3996,8.079999999999984,-297.6299448177451,279.330311186146,121.438390341,31.030765752,15.215,464.7537671885409
4006,8.069999999999993,-297.0179658419802,279.405747895129,121.43839674,31.030766510000003,15.21,465.37037805759894
4017,7.980000000000018,-296.36499896802707,279.48338029300794,121.438403568,31.030767293,15.214,466.02794366472915
4028,7.8799999999999955,-295.7488637372735,279.5556543893181,121.438410011,31.030768023,15.215,466.6483033729414
4040,7.759999999999991,-295.1389749645605,279.6250228970312,121.438416389,31.030768726,15.216,467.2621244421006
4053,7.659999999999968,-294.51240898825927,279.6990352170542,121.438422941,31.030769473000003,15.217,467.8930465816499
4067,7.550000000000011,-293.9022151863319,279.7697299099528,121.438429322,31.030770188,15.216,468.5073219397057
4083,7.449999999999989,-293.3047051911126,279.8346160710789,121.438435571,31.030770849000003,15.215,469.1083447415133
4104,7.370000000000003,-292.69629964459455,279.9003469510935,121.438441934,31.030771519,15.214,469.72029070123637
4139,7.279999999999973,-292.08952458103886,279.9655464431271,121.43844828,31.030772184000003,15.212,470.33055863543774
