gps_time,utc_time,heading,pitch,roll,heading_radians,pitch_radians,roll_radians,gyroX,gyroY,gyroZ,accX,accY,accZ,latitude,longitude,altitude,utm_x_position,utm_y_position,local_x,local_y,east_speed,north_speed,vertical_speed,vehicle_lat_speed,vehicle_lon_speed,position_type,GNSS_info1,GNSS_info2
1669723324535.0,2022-11-29 20:02:04:522346,19.5,-1.3900000000000001,-0.65,0.34033920124658396,-0.02426007639655137,-0.011344640041552799,0.06531,0.008180000000000002,0.00674,-0.1111124,0.2423344,9.7838104,31.028817786,121.44167357600001,15.294,351268.81371751917,3433838.418424993,12.73371751914965,59.0084249926731,0.0,0.0,0.0,0.0,0.0,50,5,188
1669723324555.0,2022-11-29 20:02:04:542349,19.5,-1.3900000000000001,-0.65,0.34033920124658396,-0.02426007639655137,-0.011344640041552799,-0.0011500000000000002,-0.00838,-0.00657,-0.11295480000000001,0.24016859999999998,9.785055,31.028817787,121.441673577,15.294,351268.8138145268,3433838.418534498,12.73381452675676,59.008534498047084,0.0,0.0,0.0,0.0,0.0,50,5,188
1669723324575.0,2022-11-29 20:02:04:562287,19.5,-1.3900000000000001,-0.65,0.34033920124658396,-0.02426007639655137,-0.011344640041552799,-0.07551000000000001,-0.035620000000000006,0.023880000000000002,-0.1109556,0.2420698,9.786574,31.028817787,121.441673578,15.294,351268.81390998245,3433838.418533159,12.733909982431214,59.00853315880522,0.0,0.0,0.0,0.0,0.0,50,5,188
1669723324595.0,2022-11-29 20:02:04:582349,19.5,-1.3900000000000001,-0.65,0.34033920124658396,-0.02426007639655137,-0.011344640041552799,0.008450000000000001,0.00824,-0.0068000000000000005,-0.1109948,0.2434908,9.7843494,31.028817788,121.44167357900001,15.294,351268.81400699005,3433838.4186426657,12.734006990038324,59.00864266557619,0.0,0.0,0.0,0.0,0.0,50,5,188
1669723324615.0,2022-11-29 20:02:04:602402,19.5,-1.3900000000000001,-0.65,0.34033920124658396,-0.02426007639655137,-0.011344640041552799,-0.00905,0.004410000000000001,0.01306,-0.10880940000000001,0.2427558,9.7832812,31.028817781,121.44167357600001,15.294,351268.81370974716,3433838.4178707665,12.73370974714635,59.007870766334236,0.0,0.0,0.0,0.0,0.0,50,5,188
1669723324635.0,2022-11-29 20:02:04:622402,19.5,-1.3900000000000001,-0.65,0.34033920124658396,-0.02426007639655137,-0.011344640041552799,0.035710000000000006,0.0728,-0.00404,-0.1074472,0.2420502,9.7832616,31.028817781,121.441673577,15.294,351268.8138052004,3433838.417869428,12.733805200376082,59.007869428023696,0.0,0.0,0.0,0.0,0.0,50,5,188
1669723324655.0,2022-11-29 20:02:04:642397,19.5,-1.3900000000000001,-0.65,0.34033920124658396,-0.02426007639655137,-0.011344640041552799,0.016630000000000002,-0.01098,0.04472,-0.10566360000000001,0.241815,9.7834772,31.028817782,121.44167357900001,15.294,351268.8139976637,3433838.4179775957,12.733997663657647,59.0079775955528,0.0,0.0,0.0,0.0,0.0,50,5,188
1669723324675.0,2022-11-29 20:02:04:662408,19.5,-1.3900000000000001,-0.65,0.34033920124658396,-0.02426007639655137,-0.011344640041552799,9e-05,0.06130000000000001,-0.00455,-0.1061928,0.2395316,9.7844964,31.028817783,121.44167358000001,15.294,351268.8140946737,3433838.418087102,12.734094673709478,59.00808710185811,0.0,0.0,0.0,0.0,0.0,50,5,188
1669723324695.0,2022-11-29 20:02:04:682394,19.5,-1.3900000000000001,-0.65,0.34033920124658396,-0.02426007639655137,-0.011344640041552799,0.022820000000000003,-0.02611,0.03151,-0.1054578,0.2410604,9.7833596,31.028817783,121.441673581,15.294,351268.81419012696,3433838.4180857637,12.734190126939211,59.00808576354757,0.0,0.0,0.0,0.0,0.0,50,5,188
1669723324715.0,2022-11-29 20:02:04:702453,19.5,-1.3900000000000001,-0.65,0.34033920124658396,-0.02426007639655137,-0.011344640041552799,-0.008100000000000001,0.02279,-0.02324,-0.1056734,0.2406194,9.782654,31.028817784,121.441673581,15.294,351268.81419168133,3433838.418196609,12.734191681316588,59.00819660862908,0.0,0.0,0.0,0.0,0.0,50,5,188
1669723324735.0,2022-11-29 20:02:04:722655,19.5,-1.3900000000000001,-0.65,0.34033920124658396,-0.02426007639655137,-0.011344640041552799,-0.009840000000000002,-0.02723,0.015790000000000002,-0.10667299999999999,0.23912,9.783986800000001,31.028817784,121.441673582,15.294,351268.8142871347,3433838.4181952705,12.734287134662736,59.00819527031854,0.0,0.0,0.0,0.0,0.0,50,5,188
1669723324755.0,2022-11-29 20:02:04:742524,19.5,-1.3900000000000001,-0.65,0.34033920124658396,-0.02426007639655137,-0.011344640041552799,0.039830000000000004,-0.0054800000000000005,-0.01298,-0.1079372,0.24113880000000001,9.7848884,31.028817785,121.44167358300001,15.294,351268.81438414217,3433838.418304777,12.73438414215343,59.008304776623845,0.0,0.0,0.0,0.0,0.0,50,5,188
1669723324775.0,2022-11-29 20:02:04:762497,19.5,-1.3900000000000001,-0.65,0.34033920124658396,-0.02426007639655137,-0.011344640041552799,-0.012350000000000002,-0.01101,0.0097,-0.1084762,0.24059980000000003,9.786858200000001,31.028817786,121.44167358400001,15.294,351268.81448115234,3433838.4184142835,12.734481152321678,59.00841428339481,0.0,0.0,0.0,0.0,0.0,50,5,188
1669723324795.0,2022-11-29 20:02:04:782180,19.5,-1.3900000000000001,-0.65,0.34033920124658396,-0.02426007639655137,-0.011344640041552799,0.02756,0.0017100000000000001,-0.00969,-0.11091640000000001,0.24133480000000002,9.7842122,31.028817786,121.441673585,15.294,351268.81457660545,3433838.4184129452,12.734576605434995,59.008412945084274,0.0,0.0,0.0,0.0,0.0,50,5,188
1669723324815.0,2022-11-29 20:02:04:802153,19.5,-1.3900000000000001,-0.65,0.34033920124658396,-0.02426007639655137,-0.011344640041552799,-0.04336,-0.036910000000000005,0.00742,-0.11042640000000001,0.2399138,9.786044799999999,31.028817779,121.441673582,15.294,351268.8142793626,3433838.417641046,12.734279362601228,59.00764104584232,0.0,0.0,0.0,0.0,0.0,50,5,188
1669723324835.0,2022-11-29 20:02:04:822220,19.5,-1.3900000000000001,-0.65,0.34033920124658396,-0.02426007639655137,-0.011344640041552799,0.00354,-0.05899000000000001,0.042460000000000005,-0.11265100000000002,0.24023719999999998,9.7889358,31.02881778,121.44167358300001,15.294,351268.8143763702,3433838.417750552,12.734376370208338,59.007750551681966,0.0,0.0,0.0,0.0,0.0,50,5,188
1669723324855.0,2022-11-29 20:02:04:842514,19.5,-1.3900000000000001,-0.65,0.34033920124658396,-0.02426007639655137,-0.011344640041552799,0.039700000000000006,0.007330000000000001,0.011840000000000002,-0.11270000000000001,0.2439318,9.7904254,31.02881778,121.44167358400001,15.294,351268.81447182584,3433838.4177492135,12.734471825824585,59.007749213371426,0.0,0.0,0.0,0.0,0.0,50,5,188
1669723324875.0,2022-11-29 20:02:04:862535,19.5,-1.3900000000000001,-0.65,0.34033920124658396,-0.02426007639655137,-0.011344640041552799,0.02678,-0.0071200000000000005,-0.012020000000000001,-0.1122394,0.24532340000000002,9.7924442,31.028817781,121.441673585,15.294,351268.8145688335,3433838.4178587194,12.734568833489902,59.00785871921107,0.0,0.0,0.0,0.0,0.0,50,5,188
1669723324895.0,2022-11-29 20:02:04:882454,19.5,-1.3900000000000001,-0.65,0.34033920124658396,-0.02426007639655137,-0.011344640041552799,0.016700000000000003,0.00386,-0.00683,-0.1127784,0.2426676,9.7900334,31.028817782,121.44167358600001,15.294,351268.8146658412,3433838.4179682257,12.73466584115522,59.00796822551638,0.0,0.0,0.0,0.0,0.0,50,5,188
1669723324915.0,2022-11-29 20:02:04:902471,19.5,-1.3900000000000001,-0.65,0.34033920124658396,-0.02426007639655137,-0.011344640041552799,-0.02545,-0.00602,-0.0251,-0.11301359999999999,0.2432262,9.7808802,31.028817782,121.44167358700001,15.294,351268.81476129685,3433838.417966887,12.734761296829674,59.00796688674018,0.0,0.0,0.0,0.0,0.0,50,5,188
1669723324935.0,2022-11-29 20:02:04:922594,19.5,-1.3900000000000001,-0.65,0.34033920124658396,-0.02426007639655137,-0.011344640041552799,-0.01563,0.00809,0.034800000000000005,-0.1131312,0.2426284,9.7837712,31.028817783,121.44167358800001,15.294,351268.81485830445,3433838.418076394,12.734858304436784,59.00807639397681,0.0,0.0,0.0,0.0,0.0,50,5,188
1669723324955.0,2022-11-29 20:02:04:942465,19.5,-1.3900000000000001,-0.65,0.34033920124658396,-0.02426007639655137,-0.011344640041552799,0.00097,-0.0009100000000000001,0.00559,-0.11350360000000001,0.2427264,9.780429400000001,31.028817783,121.441673589,15.294,351268.8149537577,3433838.418075055,12.734953757666517,59.008075054734945,0.0,0.0,0.0,0.0,0.0,50,5,188
1669723324975.0,2022-11-29 20:02:04:962543,19.5,-1.3900000000000001,-0.65,0.34033920124658396,-0.02426007639655137,-0.011344640041552799,-0.005860000000000001,0.01583,0.012730000000000002,-0.11168080000000001,0.2439122,9.7790476,31.028817784,121.44167359000001,15.294,351268.81505076773,3433838.418184562,12.735050767718349,59.008184561971575,0.0,0.0,0.0,0.0,0.0,50,5,188
1669723324995.0,2022-11-29 20:02:04:982556,19.5,-1.3900000000000001,-0.65,0.34033920124658396,-0.02426007639655137,-0.011344640041552799,0.00906,0.0151,0.0032800000000000004,-0.111181,0.2400902,9.780017800000001,31.028817785,121.44167359100001,15.294,351268.81514777534,3433838.418294068,12.735147775325458,59.00829406781122,0.0,0.0,0.0,0.0,0.0,50,5,188
1669723325015.0,2022-11-29 20:02:05:002512,19.50999999999999,-1.3900000000000001,-0.65,0.3405137341703,-0.02426007639655137,-0.011344640041552799,0.01847,-0.015390000000000001,-0.018770000000000002,-0.1076334,0.23800280000000001,9.781674,31.028817785,121.441673592,15.294,351268.8152432286,3433838.418292729,12.735243228555191,59.00829272903502,0.0,0.0,0.0,0.0,0.0,50,5,188
1669723325035.0,2022-11-29 20:02:05:022492,19.50999999999999,-1.3900000000000001,-0.65,0.3405137341703,-0.02426007639655137,-0.011344640041552799,0.00863,7.000000000000001e-05,-0.009420000000000001,-0.109221,0.23896320000000001,9.7854176,31.028817779,121.44167358600001,15.294,351268.8146611779,3433838.4176356914,12.734661177906673,59.00763569120318,0.0,0.0,0.0,0.0,0.0,50,5,188
1669723325055.0,2022-11-29 20:02:05:042487,19.50999999999999,-1.3900000000000001,-0.65,0.3405137341703,-0.02426007639655137,-0.011344640041552799,-0.02237,0.02833,0.00736,-0.10857420000000001,0.24016859999999998,9.791425,31.02881778,121.44167358700001,15.294,351268.814758188,3433838.417745197,12.734758187958505,59.00774519704282,0.0,0.0,0.0,0.0,0.0,50,5,188
1669723325075.0,2022-11-29 20:02:05:062561,19.50999999999999,-1.3900000000000001,-0.65,0.3405137341703,-0.02426007639655137,-0.011344640041552799,-0.010900000000000002,-0.022500000000000003,-0.010320000000000001,-0.1085448,0.2388064,9.788377200000001,31.02881778,121.44167358800001,15.294,351268.8148536412,3433838.417743859,12.734853641188238,59.00774385873228,0.0,0.0,0.0,0.0,0.0,50,5,188
1669723325095.0,2022-11-29 20:02:05:082472,19.50999999999999,-1.3900000000000001,-0.65,0.3405137341703,-0.02426007639655137,-0.011344640041552799,0.047270000000000006,0.019710000000000002,0.01331,-0.1073492,0.23974720000000002,9.7870052,31.028817781,121.441673589,15.294,351268.81495064887,3433838.417853365,12.734950648853555,59.00785336503759,0.0,0.0,0.0,0.0,0.0,50,5,188
1669723325115.0,2022-11-29 20:02:05:102520,19.50999999999999,-1.3900000000000001,-0.65,0.3405137341703,-0.02426007639655137,-0.011344640041552799,0.0030700000000000002,0.006810000000000001,0.02857,-0.10750599999999999,0.2394924,9.7879166,31.028817781,121.44167359000001,15.294,351268.8150461045,3433838.417852027,12.735046104469802,59.00785202672705,0.0,0.0,0.0,0.0,0.0,50,5,188
1669723325135.0,2022-11-29 20:02:05:122489,19.50999999999999,-1.3900000000000001,-0.65,0.3405137341703,-0.02426007639655137,-0.011344640041552799,-0.03828,-0.00029,0.011370000000000002,-0.10780980000000001,0.24285379999999998,9.787309,31.028817782,121.44167359100001,15.293000000000001,351268.8151431121,3433838.4179615336,12.735143112076912,59.00796153349802,0.0,0.0,0.0,0.0,0.0,50,5,188
1669723325155.0,2022-11-29 20:02:05:142546,19.50999999999999,-1.3900000000000001,-0.65,0.3405137341703,-0.02426007639655137,-0.011344640041552799,-0.04034,-0.02536,0.0063100000000000005,-0.1054284,0.2432458,9.7873286,31.028817783,121.441673592,15.293000000000001,351268.8152401198,3433838.4180710395,12.735240119800437,59.008071039337665,0.0,0.0,0.0,0.0,0.0,50,5,188
1669723325175.0,2022-11-29 20:02:05:162578,19.50999999999999,-1.3900000000000001,-0.65,0.3405137341703,-0.02426007639655137,-0.011344640041552799,-0.04184,-0.01111,-0.01997,-0.1075648,0.2445296,9.788837800000001,31.028817783,121.441673593,15.293000000000001,351268.81533557293,3433838.4180697016,12.735335572913755,59.008069701492786,0.0,0.0,0.0,0.0,0.0,50,5,188
1669723325195.0,2022-11-29 20:02:05:182626,19.50999999999999,-1.3900000000000001,-0.65,0.3405137341703,-0.02426007639655137,-0.011344640041552799,-0.01593,-0.02125,-0.02664,-0.1051638,0.24343199999999998,9.7870346,31.028817784,121.44167359400001,15.293000000000001,351268.81543258304,3433838.4181792075,12.735432583023794,59.00817920733243,0.0,0.0,0.0,0.0,0.0,50,5,188
1669723325215.0,2022-11-29 20:02:05:202718,19.50999999999999,-1.3900000000000001,-0.65,0.3405137341703,-0.02426007639655137,-0.011344640041552799,0.040690000000000004,-0.03241,0.00795,-0.108143,0.2422658,9.7892592,31.028817778,121.441673589,15.293000000000001,351268.8149459857,3433838.417520831,12.734945985663217,59.00752083072439,0.0,0.0,0.0,0.0,0.0,50,5,188
1669723325235.0,2022-11-29 20:02:05:222777,19.50999999999999,-1.3900000000000001,-0.65,0.3405137341703,-0.02426007639655137,-0.011344640041552799,0.028520000000000004,-0.04018,-0.012430000000000002,-0.11052440000000001,0.2430988,9.7911996,31.028817778,121.44167359000001,15.293000000000001,351268.8150414413,3433838.4175194926,12.735041441279463,59.00751949241385,0.0,0.0,0.0,0.0,0.0,50,5,188
1669723325255.0,2022-11-29 20:02:05:242608,19.5,-1.3900000000000001,-0.65,0.34033920124658396,-0.02426007639655137,-0.011344640041552799,-0.032580000000000005,-0.03323,-0.026770000000000002,-0.11084780000000001,0.2437554,9.7855548,31.028817779,121.44167359100001,15.293000000000001,351268.81513844896,3433838.417628999,12.735138448944781,59.007628998719156,0.0,0.0,0.0,0.0,0.0,50,5,188
1669723325275.0,2022-11-29 20:02:05:262617,19.5,-1.3900000000000001,-0.65,0.34033920124658396,-0.02426007639655137,-0.011344640041552799,0.012320000000000001,-0.03345,-0.00064,-0.1151402,0.2429126,9.7859468,31.02881778,121.441673592,15.293000000000001,351268.81523545657,3433838.4177385047,12.73523545655189,59.0077385045588,0.0,0.0,0.0,0.0,0.0,50,5,188
1669723325295.0,2022-11-29 20:02:05:282641,19.5,-1.3900000000000001,-0.65,0.34033920124658396,-0.02426007639655137,-0.011344640041552799,0.00167,-0.009710000000000002,-0.00812,-0.115297,0.240933,9.7849178,31.02881778,121.441673593,15.293000000000001,351268.8153309098,3433838.417737166,12.735330909781624,59.0077371657826,0.0,0.0,0.0,0.0,0.0,50,5,188
1669723325315.0,2022-11-29 20:02:05:302704,19.50999999999999,-1.3900000000000001,-0.65,0.3405137341703,-0.02426007639655137,-0.011344640041552799,-0.02295,-0.04861000000000001,0.03558,-0.1159242,0.2413642,9.780821399999999,31.028817781,121.44167359400001,15.293000000000001,351268.81542791985,3433838.4178466727,12.735427919833455,59.00784667255357,0.0,0.0,0.0,0.0,0.0,50,5,188
1669723325335.0,2022-11-29 20:02:05:322713,19.5,-1.3900000000000001,-0.65,0.34033920124658396,-0.02426007639655137,-0.011344640041552799,0.024860000000000004,-0.00068,-0.021040000000000003,-0.11599280000000001,0.2408644,9.7849276,31.028817782,121.44167359500001,15.293000000000001,351268.81552492746,3433838.4179561785,12.735524927440565,59.007956178393215,0.0,0.0,0.0,0.0,0.0,50,5,188
1669723325355.0,2022-11-29 20:02:05:342723,19.5,-1.3900000000000001,-0.65,0.34033920124658396,-0.02426007639655137,-0.011344640041552799,-0.00144,-0.011340000000000001,0.022510000000000002,-0.1158948,0.24132499999999998,9.7844376,31.028817782,121.441673596,15.293000000000001,351268.8156203807,3433838.4179548398,12.735620380670298,59.007954839617014,0.0,0.0,0.0,0.0,0.0,50,5,188
1669723325375.0,2022-11-29 20:02:05:362723,19.5,-1.3900000000000001,-0.65,0.34033920124658396,-0.02426007639655137,-0.011344640041552799,-0.01204,0.04222,-0.021890000000000003,-0.1126804,0.2400314,9.7846238,31.028817783,121.441673597,15.293000000000001,351268.81571739074,3433838.418064347,12.73571739072213,59.008064346853644,0.0,0.0,0.0,0.0,0.0,50,5,188
1669723325395.0,2022-11-29 20:02:05:382716,19.5,-1.3900000000000001,-0.65,0.34033920124658396,-0.02426007639655137,-0.011344640041552799,0.02534,0.03547,-0.023610000000000003,-0.11244520000000001,0.2382772,9.7866622,31.028817783,121.44167359800001,15.293000000000001,351268.81581284397,3433838.4180630087,12.735812843951862,59.008063008543104,0.0,0.0,0.0,0.0,0.0,50,5,188
1669723325415.0,2022-11-29 20:02:05:402727,19.5,-1.3900000000000001,-0.65,0.34033920124658396,-0.02426007639655137,-0.011344640041552799,0.0222,-0.022860000000000002,0.009810000000000001,-0.11074,0.23901219999999998,9.7857802,31.028817777,121.441673593,15.293000000000001,351268.8153262466,3433838.417404631,12.735326246591285,59.00740463100374,0.0,0.0,0.0,0.0,0.0,50,5,188
1669723325435.0,2022-11-29 20:02:05:422739,19.5,-1.3900000000000001,-0.65,0.34033920124658396,-0.02426007639655137,-0.011344640041552799,0.024890000000000002,0.0032700000000000003,0.032240000000000005,-0.1094856,0.2404528,9.7907978,31.028817778,121.44167359400001,15.293000000000001,351268.8154232566,3433838.417514137,12.735423256584909,59.00751413684338,0.0,0.0,0.0,0.0,0.0,50,5,188
1669723325455.0,2022-11-29 20:02:05:442726,19.50999999999999,-1.3900000000000001,-0.65,0.3405137341703,-0.02426007639655137,-0.011344640041552799,-0.02212,-0.0061,0.02755,-0.1092308,0.2432262,9.7883576,31.028817779,121.44167359500001,15.293000000000001,351268.81552026427,3433838.4176236447,12.735520264250226,59.007623644545674,0.0,0.0,0.0,0.0,0.0,50,5,188
1669723325475.0,2022-11-29 20:02:05:462804,19.50999999999999,-1.3900000000000001,-0.65,0.3405137341703,-0.02426007639655137,-0.011344640041552799,0.0497,-0.00449,-0.0006600000000000001,-0.10880940000000001,0.24241279999999998,9.7840456,31.028817779,121.441673596,15.293000000000001,351268.81561571755,3433838.4176223064,12.735615717538167,59.007622306235135,0.0,0.0,0.0,0.0,0.0,50,5,188
1669723325495.0,2022-11-29 20:02:05:482748,19.50999999999999,-1.3900000000000001,-0.65,0.3405137341703,-0.02426007639655137,-0.011344640041552799,0.00936,-0.00055,0.010790000000000001,-0.1107106,0.24408860000000002,9.7825462,31.02881778,121.441673597,15.293000000000001,351268.81571272755,3433838.4177318118,12.73571272753179,59.00773181160912,0.0,0.0,0.0,0.0,0.0,50,5,188
1669723325515.0,2022-11-29 20:02:05:502742,19.50999999999999,-1.3900000000000001,-0.65,0.3405137341703,-0.02426007639655137,-0.011344640041552799,0.013640000000000001,-0.010110000000000001,-0.00352,-0.11212180000000001,0.24451,9.7834772,31.02881778,121.44167359800001,15.293000000000001,351268.8158081808,3433838.4177304734,12.735808180761524,59.00773047329858,0.0,0.0,0.0,0.0,0.0,50,5,188
1669723325535.0,2022-11-29 20:02:05:522755,19.50999999999999,-1.3900000000000001,-0.65,0.3405137341703,-0.02426007639655137,-0.011344640041552799,-0.00807,-0.012260000000000002,0.018740000000000003,-0.11174940000000001,0.2446276,9.780792,31.028817781,121.44167359900001,15.293000000000001,351268.81590519083,3433838.4178399793,12.735905190813355,59.007839979138225,0.0,0.0,0.0,0.0,0.0,50,5,188
1669723325555.0,2022-11-29 20:02:05:542714,19.50999999999999,-1.3900000000000001,-0.65,0.3405137341703,-0.02426007639655137,-0.011344640041552799,0.00868,0.013590000000000001,0.00197,-0.1109066,0.2455782,9.7823796,31.028817781,121.4416736,15.293000000000001,351268.81600064406,3433838.4178386414,12.736000644043088,59.00783864129335,0.0,0.0,0.0,0.0,0.0,50,5,188
1669723325575.0,2022-11-29 20:02:05:562846,19.50999999999999,-1.3900000000000001,-0.65,0.3405137341703,-0.02426007639655137,-0.011344640041552799,0.014770000000000002,-0.04463,-0.010450000000000001,-0.1119944,0.243824,9.780635199999999,31.028817782,121.441673601,15.293000000000001,351268.8160976517,3433838.4179481473,12.736097651708405,59.00794814713299,0.0,0.0,0.0,0.0,0.0,50,5,188
1669723325595.0,2022-11-29 20:02:05:582794,19.5,-1.3900000000000001,-0.65,0.34033920124658396,-0.02426007639655137,-0.011344640041552799,-0.017320000000000002,0.00285,-0.012440000000000001,-0.10972080000000001,0.240884,9.7840456,31.028817783,121.44167360200001,15.293000000000001,351268.81619465933,3433838.4180576536,12.736194659315515,59.0080576534383,0.0,0.0,0.0,0.0,0.0,50,5,188
1669723325615.0,2022-11-29 20:02:05:602826,19.50999999999999,-1.3900000000000001,-0.65,0.3405137341703,-0.02426007639655137,-0.011344640041552799,0.07109,-0.01751,0.04675000000000001,-0.1101422,0.24097220000000003,9.7891318,31.028817777,121.441673596,15.293000000000001,351268.8156126087,3433838.417400616,12.735612608666997,59.00740061607212,0.0,0.0,0.0,0.0,0.0,50,5,188
1669723325635.0,2022-11-29 20:02:05:622806,19.50999999999999,-1.3900000000000001,-0.65,0.3405137341703,-0.02426007639655137,-0.011344640041552799,-0.037110000000000004,-0.007810000000000001,0.0026300000000000004,-0.1068592,0.24155040000000003,9.7888574,31.028817777,121.441673597,15.293000000000001,351268.81570806436,3433838.417399277,12.735708064341452,59.007399276830256,0.0,0.0,0.0,0.0,0.0,50,5,188
1669723325655.0,2022-11-29 20:02:05:642801,19.50999999999999,-1.3900000000000001,-0.65,0.3405137341703,-0.02426007639655137,-0.011344640041552799,0.012230000000000001,0.01021,-0.02204,-0.1058694,0.2406194,9.7865838,31.028817778,121.44167359800001,15.293000000000001,351268.81580507196,3433838.417508783,12.735805071948562,59.0075087826699,0.0,0.0,0.0,0.0,0.0,50,5,188
1669723325675.0,2022-11-29 20:02:05:662802,19.50999999999999,-1.3900000000000001,-0.65,0.3405137341703,-0.02426007639655137,-0.011344640041552799,-0.04138,-0.014780000000000001,-0.00508,-0.1055264,0.24012940000000002,9.785447,31.028817779,121.44167359900001,15.293000000000001,351268.815902082,3433838.41761829,12.735902082000393,59.00761828990653,0.0,0.0,0.0,0.0,0.0,50,5,188
1669723325695.0,2022-11-29 20:02:05:682869,19.50999999999999,-1.3900000000000001,-0.65,0.3405137341703,-0.02426007639655137,-0.011344640041552799,0.019030000000000002,-0.03479,-0.00058,-0.1077902,0.23961000000000002,9.7861036,31.028817779,121.4416736,15.293000000000001,351268.81599753525,3433838.4176169517,12.735997535230126,59.00761695159599,0.0,0.0,0.0,0.0,0.0,50,5,188
1669723325715.0,2022-11-29 20:02:05:702896,19.5,-1.3900000000000001,-0.65,0.34033920124658396,-0.02426007639655137,-0.011344640041552799,0.01708,0.0013700000000000001,-0.00846,-0.1098776,0.24161900000000003,9.7869072,31.02881778,121.441673601,15.293000000000001,351268.8160945429,3433838.4177264576,12.736094542895444,59.00772645743564,0.0,0.0,0.0,0.0,0.0,50,5,188
1669723325735.0,2022-11-29 20:02:05:722893,19.5,-1.3900000000000001,-0.65,0.34033920124658396,-0.02426007639655137,-0.011344640041552799,0.016540000000000003,0.0026000000000000003,-0.0024000000000000002,-0.11270000000000001,0.2404332,9.786230999999999,31.02881778,121.44167360200001,15.293000000000001,351268.8161899962,3433838.4177251193,12.736189996183384,59.0077251191251,0.0,0.0,0.0,0.0,0.0,50,5,188
1669723325755.0,2022-11-29 20:02:05:742886,19.5,-1.3900000000000001,-0.66,0.34033920124658396,-0.02426007639655137,-0.011519172965268996,-0.013300000000000001,-0.05475000000000001,-0.013760000000000001,-0.1140034,0.2410996,9.7865054,31.028817781,121.44167360300001,15.293000000000001,351268.81628700614,3433838.417834625,12.7362870061188,59.007834624964744,0.0,0.0,0.0,0.0,0.0,50,5,188
1669723325775.0,2022-11-29 20:02:05:762825,19.5,-1.3900000000000001,-0.66,0.34033920124658396,-0.02426007639655137,-0.011519172965268996,0.06013,-0.030980000000000004,-0.023870000000000002,-0.116914,0.24114860000000002,9.7867798,31.028817782,121.441673604,15.293000000000001,351268.8163840138,3433838.4179441314,12.736384013784118,59.00794413127005,0.0,0.0,0.0,0.0,0.0,50,5,188
1669723325795.0,2022-11-29 20:02:05:782659,19.5,-1.3900000000000001,-0.66,0.34033920124658396,-0.02426007639655137,-0.011519172965268996,0.014980000000000002,-0.017980000000000003,0.0026100000000000003,-0.1160418,0.2432948,9.7855352,31.028817782,121.441673605,15.293000000000001,351268.81647946703,3433838.417942794,12.73647946701385,59.007942793890834,0.0,0.0,0.0,0.0,0.0,50,5,188
1669723325815.0,2022-11-29 20:02:05:802853,19.5,-1.3900000000000001,-0.66,0.34033920124658396,-0.02426007639655137,-0.011519172965268996,-0.00915,-0.00795,0.012820000000000002,-0.1186584,0.245588,9.7865348,31.028817777,121.44167359800001,15.293000000000001,351268.8158035176,3433838.417397938,12.735803517571185,59.007397938054055,0.0,0.0,0.0,0.0,0.0,50,5,188
1669723325835.0,2022-11-29 20:02:05:822930,19.5,-1.3900000000000001,-0.66,0.34033920124658396,-0.02426007639655137,-0.011519172965268996,-0.0432,-0.03305,-0.05693,-0.1163652,0.2441278,9.782056200000001,31.028817777,121.44167359900001,15.293000000000001,351268.81589897326,3433838.417396599,12.73589897324564,59.00739659881219,0.0,0.0,0.0,0.0,0.0,50,5,188
1669723325855.0,2022-11-29 20:02:05:842911,19.5,-1.3900000000000001,-0.66,0.34033920124658396,-0.02426007639655137,-0.011519172965268996,-0.00479,0.02806,0.00855,-0.11491480000000001,0.2420698,9.783487000000001,31.028817778,121.441673601,15.293000000000001,351268.8160914341,3433838.417504768,12.736091434082482,59.00750476773828,0.0,0.0,0.0,0.0,0.0,50,5,188
1669723325875.0,2022-11-29 20:02:05:862892,19.5,-1.3900000000000001,-0.66,0.34033920124658396,-0.02426007639655137,-0.011519172965268996,0.0284,-0.0034600000000000004,0.053750000000000006,-0.11368980000000001,0.2415602,9.78236,31.028817779,121.44167360200001,15.293000000000001,351268.8161884417,3433838.417614275,12.736188441689592,59.00761427497491,0.0,0.0,0.0,0.0,0.0,50,5,188
1669723325895.0,2022-11-29 20:02:05:882917,19.5,-1.3900000000000001,-0.66,0.34033920124658396,-0.02426007639655137,-0.011519172965268996,-0.006600000000000001,-0.02985,-0.0027600000000000003,-0.1118474,0.2423932,9.788191000000001,31.028817779,121.44167360300001,15.293000000000001,351268.8162838974,3433838.417612936,12.736283897364046,59.00761293573305,0.0,0.0,0.0,0.0,0.0,50,5,188
1669723325915.0,2022-11-29 20:02:05:902920,19.5,-1.3900000000000001,-0.66,0.34033920124658396,-0.02426007639655137,-0.011519172965268996,0.05305000000000001,-0.01451,0.02511,-0.10848600000000001,0.24474520000000002,9.787211000000001,31.02881778,121.441673604,15.293000000000001,351268.816380905,3433838.4177224417,12.736380904971156,59.007722441572696,0.0,0.0,0.0,0.0,0.0,50,5,188
1669723325935.0,2022-11-29 20:02:05:922941,19.5,-1.3900000000000001,-0.66,0.34033920124658396,-0.02426007639655137,-0.011519172965268996,0.004410000000000001,0.0085,0.00885,-0.10831940000000001,0.24236380000000002,9.7913564,31.02881778,121.441673605,15.293000000000001,351268.8164763582,3433838.4177211034,12.736476358200889,59.007721103262156,0.0,0.0,0.0,0.0,0.0,50,5,188
1669723325955.0,2022-11-29 20:02:05:942937,19.5,-1.3900000000000001,-0.66,0.34033920124658396,-0.02426007639655137,-0.011519172965268996,-0.00197,-0.025570000000000002,0.026820000000000004,-0.1067024,0.24062920000000002,9.7892592,31.028817781,121.44167360600001,15.293000000000001,351268.81657336827,3433838.41783061,12.73657336825272,59.007830610033125,0.0,0.0,0.0,0.0,0.0,50,5,188
1669723325975.0,2022-11-29 20:02:05:962875,19.50999999999999,-1.3900000000000001,-0.66,0.3405137341703,-0.02426007639655137,-0.011519172965268996,-0.0014700000000000002,0.0017900000000000001,0.01648,-0.1051344,0.24158960000000002,9.789122,31.028817781,121.44167360700001,15.292,351268.8166688215,3433838.417829272,12.736668821482453,59.007829271722585,0.0,0.0,0.0,0.0,0.0,50,5,188
1669723325995.0,2022-11-29 20:02:05:982956,19.50999999999999,-1.3900000000000001,-0.66,0.3405137341703,-0.02426007639655137,-0.011519172965268996,-0.013510000000000001,0.00022,0.041920000000000006,-0.1078784,0.2411682,9.7877696,31.028817782,121.441673608,15.292,351268.8167658291,3433838.4179387777,12.736765829089563,59.00793877756223,0.0,0.0,0.0,0.0,0.0,50,5,188
1669723326015.0,2022-11-29 20:02:06:002937,19.50999999999999,-1.3900000000000001,-0.66,0.3405137341703,-0.02426007639655137,-0.011519172965268996,0.018500000000000003,0.03386,-0.01821,-0.106869,0.2421482,9.7818798,31.028817783,121.441673609,15.292,351268.8168628392,3433838.418048283,12.736862839199603,59.008048282936215,0.0,0.0,0.0,0.0,0.0,50,5,188
1669723326035.0,2022-11-29 20:02:06:023005,19.50999999999999,-1.3900000000000001,-0.66,0.3405137341703,-0.02426007639655137,-0.011519172965268996,-0.04104,-0.015550000000000001,0.02213,-0.10834880000000001,0.241962,9.781683800000001,31.028817777,121.44167360200001,15.292,351268.81618533295,3433838.417392584,12.736185332934838,59.00739258388057,0.0,0.0,0.0,0.0,0.0,50,5,188
1669723326055.0,2022-11-29 20:02:06:042612,19.50999999999999,-1.3900000000000001,-0.66,0.3405137341703,-0.02426007639655137,-0.011519172965268996,-0.0041,0.037720000000000004,-0.027240000000000004,-0.10889760000000001,0.239022,9.7826932,31.028817778,121.44167360300001,15.292,351268.81628234294,3433838.4175020903,12.736282342928462,59.00750209018588,0.0,0.0,0.0,0.0,0.0,50,5,188
1669723326075.0,2022-11-29 20:02:06:062980,19.50999999999999,-1.3900000000000001,-0.66,0.3405137341703,-0.02426007639655137,-0.011519172965268996,0.00598,0.01983,-0.0046300000000000004,-0.111622,0.2394532,9.7817426,31.028817778,121.441673604,15.292,351268.81637779623,3433838.417500752,12.736377796216402,59.00750075187534,0.0,0.0,0.0,0.0,0.0,50,5,188
1669723326095.0,2022-11-29 20:02:06:082982,19.50999999999999,-1.3900000000000001,-0.66,0.3405137341703,-0.02426007639655137,-0.011519172965268996,-0.01059,-0.014010000000000002,-0.01068,-0.1112692,0.24229520000000002,9.7841534,31.028817779,121.441673605,15.292,351268.81647480384,3433838.417610259,12.736474803823512,59.00761025864631,0.0,0.0,0.0,0.0,0.0,50,5,188
1669723326115.0,2022-11-29 20:02:06:103014,19.50999999999999,-1.3900000000000001,-0.66,0.3405137341703,-0.02426007639655137,-0.011519172965268996,0.00702,0.0034700000000000004,0.023690000000000003,-0.1111516,0.24184440000000001,9.786760200000002,31.02881778,121.44167360600001,15.292,351268.8165718139,3433838.4177197646,12.736571813875344,59.007719764485955,0.0,0.0,0.0,0.0,0.0,50,5,188
1669723326135.0,2022-11-29 20:02:06:122995,19.50999999999999,-1.3900000000000001,-0.66,0.3405137341703,-0.02426007639655137,-0.011519172965268996,-0.017140000000000002,-0.00992,0.01203,-0.11218059999999999,0.2423932,9.7839084,31.02881778,121.44167360700001,15.292,351268.8166672671,3433838.4177184263,12.736667267105076,59.007718426175416,0.0,0.0,0.0,0.0,0.0,50,5,188
1669723326155.0,2022-11-29 20:02:06:143042,19.50999999999999,-1.3900000000000001,-0.66,0.3405137341703,-0.02426007639655137,-0.011519172965268996,-0.0012000000000000001,-0.011090000000000001,0.014470000000000002,-0.11181800000000001,0.24083500000000002,9.7869366,31.028817781,121.441673608,15.292,351268.8167642747,3433838.4178279326,12.736764274712186,59.00782793248072,0.0,0.0,0.0,0.0,0.0,50,5,188
1669723326175.0,2022-11-29 20:02:06:163025,19.50999999999999,-1.3900000000000001,-0.66,0.3405137341703,-0.02426007639655137,-0.011519172965268996,0.02459,0.010400000000000001,0.019010000000000003,-0.11251380000000001,0.2420306,9.7860742,31.028817782,121.441673609,15.292,351268.8168612848,3433838.4179374385,12.736861284764018,59.00793743832037,0.0,0.0,0.0,0.0,0.0,50,5,188
1669723326195.0,2022-11-29 20:02:06:183013,19.50999999999999,-1.3900000000000001,-0.66,0.3405137341703,-0.02426007639655137,-0.011519172965268996,0.008110000000000001,-0.0059900000000000005,0.07739,-0.1114358,0.24447080000000002,9.7861036,31.028817782,121.44167361000001,15.292,351268.816956738,3433838.417936099,12.73695673799375,59.007936099078506,0.0,0.0,0.0,0.0,0.0,50,5,188
1669723326215.0,2022-11-29 20:02:06:203030,19.50999999999999,-1.3900000000000001,-0.66,0.3405137341703,-0.02426007639655137,-0.011519172965268996,-0.009970000000000001,0.015940000000000003,-0.058710000000000005,-0.112308,0.2441572,9.7864662,31.028817777,121.44167360300001,15.292,351268.81628078857,3433838.417391245,12.736280788551085,59.00739124463871,0.0,0.0,0.0,0.0,0.0,50,5,188
1669723326235.0,2022-11-29 20:02:06:223031,19.50999999999999,-1.3900000000000001,-0.66,0.3405137341703,-0.02426007639655137,-0.011519172965268996,0.05942000000000001,-0.01306,-0.0009500000000000001,-0.1122492,0.24292239999999998,9.7869366,31.028817778,121.441673604,15.292,351268.81637779623,3433838.417500752,12.736377796216402,59.00750075187534,0.0,0.0,0.0,0.0,0.0,50,5,188
1669723326255.0,2022-11-29 20:02:06:243049,19.50999999999999,-1.3900000000000001,-0.66,0.3405137341703,-0.02426007639655137,-0.011519172965268996,0.009970000000000001,-0.0048200000000000005,0.02808,-0.1122786,0.2418248,9.7861036,31.028817779,121.441673605,15.292,351268.81647480384,3433838.417610259,12.736474803823512,59.00761025864631,0.0,0.0,0.0,0.0,0.0,50,5,188
1669723326275.0,2022-11-29 20:02:06:262692,19.50999999999999,-1.3900000000000001,-0.66,0.3405137341703,-0.02426007639655137,-0.011519172965268996,0.019610000000000002,-0.01064,-0.0008300000000000001,-0.11384659999999999,0.242844,9.7880832,31.028817779,121.44167360600001,15.292,351268.8165702595,3433838.4176089205,12.736570259497967,59.00760892033577,0.0,0.0,0.0,0.0,0.0,50,5,188
1669723326295.0,2022-11-29 20:02:06:283006,19.50999999999999,-1.3900000000000001,-0.66,0.3405137341703,-0.02426007639655137,-0.011519172965268996,0.015130000000000001,0.00048000000000000007,-0.012100000000000001,-0.1155028,0.241472,9.7861428,31.02881778,121.44167360700001,15.292,351268.8166672671,3433838.4177184263,12.736667267105076,59.007718426175416,0.0,0.0,0.0,0.0,0.0,50,5,188
1669723326315.0,2022-11-29 20:02:06:302682,19.50999999999999,-1.3900000000000001,-0.66,0.3405137341703,-0.02426007639655137,-0.011519172965268996,-0.00489,0.03216,-0.011770000000000001,-0.11384659999999999,0.24011960000000002,9.7862212,31.02881778,121.441673608,15.292,351268.81676272035,3433838.417717088,12.73676272033481,59.007717087864876,0.0,0.0,0.0,0.0,0.0,50,5,188
1669723326335.0,2022-11-29 20:02:06:323113,19.50999999999999,-1.3900000000000001,-0.66,0.3405137341703,-0.02426007639655137,-0.011519172965268996,0.04336,-0.01306,0.01618,-0.1141504,0.2396296,9.7880146,31.028817781,121.441673609,15.292,351268.8168597304,3433838.4178265943,12.73685973038664,59.00782659417018,0.0,0.0,0.0,0.0,0.0,50,5,188
1669723326355.0,2022-11-29 20:02:06:343105,19.50999999999999,-1.3900000000000001,-0.66,0.3405137341703,-0.02426007639655137,-0.011519172965268996,-0.04107,-0.0012900000000000001,0.051210000000000006,-0.1117102,0.23951200000000003,9.7854078,31.028817782,121.44167361000001,15.292,351268.816956738,3433838.417936099,12.73695673799375,59.007936099078506,0.0,0.0,0.0,0.0,0.0,50,5,188
1669723326375.0,2022-11-29 20:02:06:363044,19.50999999999999,-1.3900000000000001,-0.66,0.3405137341703,-0.02426007639655137,-0.011519172965268996,-0.0010500000000000002,0.03011,0.01314,-0.110887,0.24230500000000002,9.7869366,31.028817782,121.44167361100001,15.292,351268.8170521937,3433838.417934762,12.737052193668205,59.00793476169929,0.0,0.0,0.0,0.0,0.0,50,5,188
1669723326395.0,2022-11-29 20:02:06:383122,19.50999999999999,-1.3900000000000001,-0.66,0.3405137341703,-0.02426007639655137,-0.011519172965268996,-0.0039700000000000004,-0.01166,0.045070000000000006,-0.1100344,0.24199140000000002,9.7854078,31.028817783,121.441673612,15.292,351268.81714919885,3433838.418044269,12.737149198830593,59.00804426893592,0.0,0.0,0.0,0.0,0.0,50,5,188
1669723326415.0,2022-11-29 20:02:06:403137,19.50999999999999,-1.3900000000000001,-0.66,0.3405137341703,-0.02426007639655137,-0.011519172965268996,0.027760000000000003,-0.024120000000000003,0.00116,-0.1071532,0.24135440000000002,9.7799002,31.028817779,121.441673604,15.292,351268.8163793506,3433838.4176115976,12.73637935059378,59.00761159742251,0.0,0.0,0.0,0.0,0.0,50,5,188
1669723326435.0,2022-11-29 20:02:06:423074,19.50999999999999,-1.3900000000000001,-0.66,0.3405137341703,-0.02426007639655137,-0.011519172965268996,-0.014820000000000002,0.00267,0.011170000000000001,-0.1072708,0.241129,9.782164,31.028817779,121.441673605,15.292,351268.81647480384,3433838.417610259,12.736474803823512,59.00761025864631,0.0,0.0,0.0,0.0,0.0,50,5,188
1669723326455.0,2022-11-29 20:02:06:443055,19.519999999999982,-1.3900000000000001,-0.66,0.340688267094016,-0.02426007639655137,-0.011519172965268996,-0.00485,-0.02414,0.04032,-0.1069474,0.24299099999999998,9.78628,31.02881778,121.44167360600001,15.292,351268.8165718139,3433838.4177197646,12.736571813875344,59.007719764485955,0.0,0.0,0.0,0.0,0.0,50,5,188
1669723326475.0,2022-11-29 20:02:06:463143,19.519999999999982,-1.3900000000000001,-0.66,0.340688267094016,-0.02426007639655137,-0.011519172965268996,-0.014360000000000001,-0.0123,0.00551,-0.1070944,0.2447256,9.785447,31.02881778,121.44167360700001,15.292,351268.8166672671,3433838.4177184263,12.736667267105076,59.007718426175416,0.0,0.0,0.0,0.0,0.0,50,5,188
1669723326495.0,2022-11-29 20:02:06:483211,19.519999999999982,-1.3900000000000001,-0.66,0.340688267094016,-0.02426007639655137,-0.011519172965268996,0.008620000000000001,-0.0013700000000000001,0.00222,-0.109221,0.24394159999999998,9.788230200000001,31.028817781,121.441673608,15.292,351268.8167642747,3433838.4178279326,12.736764274712186,59.00782793248072,0.0,0.0,0.0,0.0,0.0,50,5,188
1669723326515.0,2022-11-29 20:02:06:503146,19.519999999999982,-1.3900000000000001,-0.66,0.340688267094016,-0.02426007639655137,-0.011519172965268996,-0.0008100000000000001,-0.0038100000000000005,0.023710000000000002,-0.1102794,0.2421482,9.7879754,31.028817782,121.441673609,15.292,351268.8168612848,3433838.4179374385,12.736861284764018,59.00793743832037,0.0,0.0,0.0,0.0,0.0,50,5,188
1669723326535.0,2022-11-29 20:02:06:523049,19.519999999999982,-1.3900000000000001,-0.66,0.340688267094016,-0.02426007639655137,-0.011519172965268996,-0.019180000000000003,-0.03028,0.01059,-0.11117120000000001,0.2410506,9.7884066,31.028817782,121.44167361000001,15.292,351268.816956738,3433838.417936099,12.73695673799375,59.007936099078506,0.0,0.0,0.0,0.0,0.0,50,5,188
1669723326555.0,2022-11-29 20:02:06:543174,19.519999999999982,-1.3900000000000001,-0.66,0.340688267094016,-0.02426007639655137,-0.011519172965268996,0.0014800000000000002,0.019170000000000003,-0.00303,-0.11299400000000001,0.2434026,9.7891318,31.028817783,121.44167361100001,15.292,351268.81705374806,3433838.4180456074,12.737053748045582,59.00804560724646,0.0,0.0,0.0,0.0,0.0,50,5,188
1669723326575.0,2022-11-29 20:02:06:563211,19.519999999999982,-1.3900000000000001,-0.66,0.340688267094016,-0.02426007639655137,-0.011519172965268996,-0.009710000000000002,0.0019500000000000001,-0.009370000000000002,-0.1127098,0.2442552,9.7877108,31.028817784,121.441673612,15.292,351268.8171507532,3433838.4181551132,12.73715075320797,59.008155113086104,0.0,0.0,0.0,0.0,0.0,50,5,188
1669723326595.0,2022-11-29 20:02:06:582804,19.519999999999982,-1.3900000000000001,-0.66,0.340688267094016,-0.02426007639655137,-0.011519172965268996,0.017140000000000002,-0.012320000000000001,-0.0019500000000000001,-0.11258240000000001,0.24120740000000002,9.7849962,31.028817784,121.441673613,15.292,351268.81724620896,3433838.418153775,12.737246208940633,59.008153774775565,0.0,0.0,0.0,0.0,0.0,50,5,188
1669723326615.0,2022-11-29 20:02:06:603209,19.519999999999982,-1.3900000000000001,-0.66,0.340688267094016,-0.02426007639655137,-0.011519172965268996,-0.0015600000000000002,-0.02578,0.0031100000000000004,-0.1129352,0.24081539999999999,9.7829186,31.02881778,121.44167360600001,15.292,351268.8165718139,3433838.4177197646,12.736571813875344,59.007719764485955,0.0,0.0,0.0,0.0,0.0,50,5,188
1669723326635.0,2022-11-29 20:02:06:623242,19.519999999999982,-1.3900000000000001,-0.66,0.340688267094016,-0.02426007639655137,-0.011519172965268996,-0.008100000000000001,-0.01335,0.029740000000000003,-0.11410139999999999,0.24140340000000002,9.7824776,31.028817781,121.44167360700001,15.292,351268.8166688215,3433838.417829272,12.736668821482453,59.007829271722585,0.0,0.0,0.0,0.0,0.0,50,5,188
1669723326655.0,2022-11-29 20:02:06:642899,19.519999999999982,-1.4000000000000001,-0.66,0.340688267094016,-0.02443460932026757,-0.011519172965268996,-0.01624,0.0024400000000000003,0.038720000000000004,-0.1130822,0.24219720000000003,9.786230999999999,31.028817781,121.441673608,15.292,351268.8167642747,3433838.4178279326,12.736764274712186,59.00782793248072,0.0,0.0,0.0,0.0,0.0,50,5,188
1669723326675.0,2022-11-29 20:02:06:663307,19.519999999999982,-1.4000000000000001,-0.66,0.340688267094016,-0.02443460932026757,-0.011519172965268996,0.0085,0.025740000000000002,0.03266,-0.1120826,0.24451979999999998,9.7856136,31.028817782,121.441673609,15.292,351268.8168612848,3433838.4179374385,12.736861284764018,59.00793743832037,0.0,0.0,0.0,0.0,0.0,50,5,188
1669723326695.0,2022-11-29 20:02:06:683262,19.519999999999982,-1.4000000000000001,-0.66,0.340688267094016,-0.02443460932026757,-0.011519172965268996,-0.053540000000000004,-0.026500000000000003,0.015430000000000001,-0.11160239999999999,0.2441866,9.782801000000001,31.028817783,121.44167361000001,15.292,351268.8169582924,3433838.418046945,12.736958292371128,59.008046944625676,0.0,0.0,0.0,0.0,0.0,50,5,188
1669723326715.0,2022-11-29 20:02:06:703220,19.519999999999982,-1.4000000000000001,-0.66,0.340688267094016,-0.02443460932026757,-0.011519172965268996,0.03262,-0.025470000000000003,-0.00787,-0.11098500000000001,0.2401392,9.7833106,31.028817783,121.44167361100001,15.292,351268.81705374806,3433838.4180456074,12.737053748045582,59.00804560724646,0.0,0.0,0.0,0.0,0.0,50,5,188
1669723326735.0,2022-11-29 20:02:06:723247,19.519999999999982,-1.4000000000000001,-0.66,0.340688267094016,-0.02443460932026757,-0.011519172965268996,-0.01854,-0.00193,0.00889,-0.1109752,0.2421384,9.7856822,31.028817784,121.441673612,15.292,351268.8171507532,3433838.4181551132,12.73715075320797,59.008155113086104,0.0,0.0,0.0,0.0,0.0,50,5,188
1669723326755.0,2022-11-29 20:02:06:743194,19.519999999999982,-1.4000000000000001,-0.66,0.340688267094016,-0.02443460932026757,-0.011519172965268996,0.012360000000000001,0.03948,-0.014910000000000001,-0.11218059999999999,0.2425108,9.787554,31.028817785,121.441673613,15.292,351268.8172477633,3433838.4182646195,12.737247763259802,59.00826461939141,0.0,0.0,0.0,0.0,0.0,50,5,188
1669723326775.0,2022-11-29 20:02:06:763228,19.519999999999982,-1.4000000000000001,-0.66,0.340688267094016,-0.02443460932026757,-0.011519172965268996,0.009170000000000001,0.02025,0.004070000000000001,-0.1102794,0.24331440000000001,9.7851432,31.028817785,121.44167361400001,15.292,351268.8173432165,3433838.4182632808,12.737343216489535,59.00826328061521,0.0,0.0,0.0,0.0,0.0,50,5,188
1669723326795.0,2022-11-29 20:02:06:783231,19.519999999999982,-1.4000000000000001,-0.66,0.340688267094016,-0.02443460932026757,-0.011519172965268996,0.00742,0.04979,0.011880000000000002,-0.1111418,0.2404528,9.7838104,31.028817786,121.44167361500001,15.292,351268.8174402266,3433838.418372788,12.737440226599574,59.00837278785184,0.0,0.0,0.0,0.0,0.0,50,5,188
1669723326815.0,2022-11-29 20:02:06:803276,19.519999999999982,-1.4000000000000001,-0.66,0.340688267094016,-0.02443460932026757,-0.011519172965268996,-0.03943,0.01131,-0.0261,-0.1137094,0.2400902,9.7865054,31.028817782,121.441673608,15.291,351268.8167658291,3433838.4179387777,12.736765829089563,59.00793877756223,0.0,0.0,0.0,0.0,0.0,50,5,188
1669723326835.0,2022-11-29 20:02:06:823206,19.519999999999982,-1.4000000000000001,-0.66,0.340688267094016,-0.02443460932026757,-0.011519172965268996,0.00859,0.02739,0.01769,-0.1136506,0.2409428,9.7859664,31.028817782,121.441673609,15.291,351268.8168612848,3433838.4179374385,12.736861284764018,59.00793743832037,0.0,0.0,0.0,0.0,0.0,50,5,188
1669723326855.0,2022-11-29 20:02:06:843265,19.519999999999982,-1.4000000000000001,-0.66,0.340688267094016,-0.02443460932026757,-0.011519172965268996,-0.0047,0.00568,0.00751,-0.11269019999999999,0.2430302,9.785594,31.028817783,121.44167361000001,15.291,351268.8169582924,3433838.418046945,12.736958292371128,59.008046944625676,0.0,0.0,0.0,0.0,0.0,50,5,188
1669723326875.0,2022-11-29 20:02:06:863301,19.519999999999982,-1.4000000000000001,-0.66,0.340688267094016,-0.02443460932026757,-0.011519172965268996,-0.02545,0.017050000000000003,0.016980000000000002,-0.11052440000000001,0.2433732,9.786152600000001,31.028817784,121.44167361100001,15.291,351268.8170553025,3433838.418156452,12.737055302481167,59.008156451862305,0.0,0.0,0.0,0.0,0.0,50,5,188
1669723326895.0,2022-11-29 20:02:06:883204,19.519999999999982,-1.4000000000000001,-0.66,0.340688267094016,-0.02443460932026757,-0.011519172965268996,-0.054000000000000006,0.00286,0.007710000000000001,-0.10777060000000001,0.2425108,9.786044799999999,31.028817784,121.441673612,15.291,351268.8171507532,3433838.4181551132,12.73715075320797,59.008155113086104,0.0,0.0,0.0,0.0,0.0,50,5,188
1669723326915.0,2022-11-29 20:02:06:903280,19.519999999999982,-1.4000000000000001,-0.65,0.340688267094016,-0.02443460932026757,-0.011344640041552799,0.03125,0.043210000000000005,-0.00687,-0.1085252,0.2426676,9.7870836,31.028817785,121.441673613,15.291,351268.8172477633,3433838.4182646195,12.737247763259802,59.00826461939141,0.0,0.0,0.0,0.0,0.0,50,5,188
1669723326935.0,2022-11-29 20:02:06:923431,19.519999999999982,-1.4000000000000001,-0.65,0.340688267094016,-0.02443460932026757,-0.011344640041552799,0.009380000000000001,0.0031300000000000004,0.018240000000000003,-0.10739820000000001,0.2447648,9.7865544,31.028817786,121.44167361400001,15.291,351268.817344771,3433838.4183741263,12.737344770983327,59.00837412616238,0.0,0.0,0.0,0.0,0.0,50,5,188
1669723326955.0,2022-11-29 20:02:06:943320,19.519999999999982,-1.4000000000000001,-0.66,0.340688267094016,-0.02443460932026757,-0.011519172965268996,0.009670000000000002,-0.038610000000000005,0.00354,-0.10910339999999999,0.244069,9.7840456,31.028817786,121.44167361500001,15.291,351268.8174402266,3433838.418372788,12.737440226599574,59.00837278785184,0.0,0.0,0.0,0.0,0.0,50,5,188
1669723326975.0,2022-11-29 20:02:06:963299,19.519999999999982,-1.4000000000000001,-0.66,0.340688267094016,-0.02443460932026757,-0.011519172965268996,-0.00521,0.006840000000000001,-0.025460000000000003,-0.108388,0.243922,9.7845258,31.028817787,121.441673616,15.291,351268.8175372343,3433838.418482294,12.737537234264892,59.008482293691486,0.0,0.0,0.0,0.0,0.0,50,5,188
1669723326995.0,2022-11-29 20:02:06:983328,19.519999999999982,-1.4000000000000001,-0.66,0.340688267094016,-0.02443460932026757,-0.011519172965268996,0.01433,-0.015260000000000001,0.030000000000000002,-0.11052440000000001,0.2418836,9.7868386,31.028817788,121.441673616,15.291,351268.81753878866,3433838.4185931394,12.737538788642269,59.008593139238656,0.0,0.0,0.0,0.0,0.0,50,5,188
1669723327015.0,2022-11-29 20:02:07:003320,19.529999999999973,-1.4000000000000001,-0.66,0.34086280001773206,-0.02443460932026757,-0.011519172965268996,0.04256,-0.025800000000000003,0.00333,-0.1114064,0.24139359999999999,9.7828794,31.028817788,121.441673617,15.291,351268.8176342419,3433838.418591801,12.737634241872001,59.008591800928116,0.0,0.0,0.0,0.0,0.0,50,5,188
1669723327035.0,2022-11-29 20:02:07:023215,19.529999999999973,-1.4000000000000001,-0.66,0.34086280001773206,-0.02443460932026757,-0.011519172965268996,0.013080000000000001,0.00203,0.014860000000000002,-0.1128078,0.2425892,9.7854862,31.028817784,121.44167361000001,15.291,351268.8169598469,3433838.41815779,12.73695984686492,59.008157789707184,0.0,0.0,0.0,0.0,0.0,50,5,188
1669723327055.0,2022-11-29 20:02:07:043414,19.529999999999973,-1.4000000000000001,-0.66,0.34086280001773206,-0.02443460932026757,-0.011519172965268996,-0.047630000000000006,-0.01502,0.03803,-0.1143268,0.24128580000000002,9.7864956,31.028817784,121.44167361100001,15.291,351268.8170553025,3433838.418156452,12.737055302481167,59.008156451862305,0.0,0.0,0.0,0.0,0.0,50,5,188
1669723327075.0,2022-11-29 20:02:07:063316,19.529999999999973,-1.4000000000000001,-0.66,0.34086280001773206,-0.02443460932026757,-0.011519172965268996,0.03223,-0.028790000000000003,-0.0055000000000000005,-0.11373880000000001,0.24193260000000003,9.7862212,31.028817785,121.441673612,15.291,351268.81715230766,3433838.418265959,12.737152307643555,59.008265958633274,0.0,0.0,0.0,0.0,0.0,50,5,188
1669723327095.0,2022-11-29 20:02:07:083319,19.529999999999973,-1.4000000000000001,-0.66,0.34086280001773206,-0.02443460932026757,-0.011519172965268996,0.024640000000000002,-0.022840000000000003,0.010010000000000002,-0.11350360000000001,0.24060959999999998,9.7855744,31.028817786,121.441673613,15.291,351268.8172493177,3433838.4183754646,12.737249317695387,59.00837546447292,0.0,0.0,0.0,0.0,0.0,50,5,188
1669723327115.0,2022-11-29 20:02:07:103363,19.529999999999973,-1.4000000000000001,-0.66,0.34086280001773206,-0.02443460932026757,-0.011519172965268996,0.022430000000000002,-0.00284,-0.029070000000000002,-0.1125334,0.24059980000000003,9.7861722,31.028817786,121.44167361400001,15.291,351268.817344771,3433838.4183741263,12.737344770983327,59.00837412616238,0.0,0.0,0.0,0.0,0.0,50,5,188
1669723327135.0,2022-11-29 20:02:07:123366,19.529999999999973,-1.4000000000000001,-0.66,0.34086280001773206,-0.02443460932026757,-0.011519172965268996,0.0234,-0.013800000000000002,0.026510000000000002,-0.1128764,0.24206000000000003,9.7837222,31.028817787,121.44167361500001,15.291,351268.81744178105,3433838.4184836326,12.737441781035159,59.00848363246769,0.0,0.0,0.0,0.0,0.0,50,5,188
1669723327155.0,2022-11-29 20:02:07:143008,19.529999999999973,-1.4000000000000001,-0.66,0.34086280001773206,-0.02443460932026757,-0.011519172965268996,-0.007770000000000001,-0.0053300000000000005,0.03876,-0.1137486,0.2422854,9.786819,31.028817788,121.441673616,15.291,351268.81753878866,3433838.4185931394,12.737538788642269,59.008593139238656,0.0,0.0,0.0,0.0,0.0,50,5,188
1669723327175.0,2022-11-29 20:02:07:163376,19.529999999999973,-1.4000000000000001,-0.66,0.34086280001773206,-0.02443460932026757,-0.011519172965268996,0.005920000000000001,0.05901000000000001,0.0038100000000000005,-0.1102794,0.24141320000000002,9.7866524,31.028817788,121.441673617,15.291,351268.8176342419,3433838.418591801,12.737634241872001,59.008591800928116,0.0,0.0,0.0,0.0,0.0,50,5,188
1669723327195.0,2022-11-29 20:02:07:183003,19.529999999999973,-1.4000000000000001,-0.66,0.34086280001773206,-0.02443460932026757,-0.011519172965268996,0.0339,0.02602,0.017040000000000003,-0.1103186,0.24032540000000002,9.783977,31.028817789,121.44167361800001,15.291,351268.81773125194,3433838.4187013065,12.737731251923833,59.0087013063021,0.0,0.0,0.0,0.0,0.0,50,5,188
1669723327215.0,2022-11-29 20:02:07:203456,19.529999999999973,-1.4000000000000001,-0.66,0.34086280001773206,-0.02443460932026757,-0.011519172965268996,0.0013700000000000001,0.00625,0.03669,-0.11015200000000001,0.24241279999999998,9.7869954,31.028817783,121.44167361100001,15.291,351268.81705374806,3433838.4180456074,12.737053748045582,59.00804560724646,0.0,0.0,0.0,0.0,0.0,50,5,188
1669723327235.0,2022-11-29 20:02:07:223405,19.529999999999973,-1.4000000000000001,-0.65,0.34086280001773206,-0.02443460932026757,-0.011344640041552799,-0.04132,0.05305000000000001,0.0011500000000000002,-0.11098500000000001,0.24401019999999998,9.784486600000001,31.028817784,121.441673612,15.291,351268.8171507532,3433838.4181551132,12.73715075320797,59.008155113086104,0.0,0.0,0.0,0.0,0.0,50,5,188
1669723327255.0,2022-11-29 20:02:07:243407,19.529999999999973,-1.4000000000000001,-0.65,0.34086280001773206,-0.02443460932026757,-0.011344640041552799,0.031630000000000005,0.00517,0.005540000000000001,-0.11025,0.2447942,9.782507,31.028817785,121.441673613,15.291,351268.8172477633,3433838.4182646195,12.737247763259802,59.00826461939141,0.0,0.0,0.0,0.0,0.0,50,5,188
1669723327275.0,2022-11-29 20:02:07:263459,19.529999999999973,-1.4000000000000001,-0.65,0.34086280001773206,-0.02443460932026757,-0.011344640041552799,0.011160000000000002,-0.00287,0.01284,-0.11001480000000001,0.2427558,9.7834968,31.028817785,121.441673613,15.291,351268.8172477633,3433838.4182646195,12.737247763259802,59.00826461939141,0.0,0.0,0.0,0.0,0.0,50,5,188
1669723327295.0,2022-11-29 20:02:07:283423,19.529999999999973,-1.4000000000000001,-0.65,0.34086280001773206,-0.02443460932026757,-0.011344640041552799,-0.01246,-0.004390000000000001,-0.01618,-0.11052440000000001,0.242403,9.7830264,31.028817786,121.44167361400001,15.291,351268.817344771,3433838.4183741263,12.737344770983327,59.00837412616238,0.0,0.0,0.0,0.0,0.0,50,5,188
1669723327315.0,2022-11-29 20:02:07:303332,19.529999999999973,-1.4000000000000001,-0.65,0.34086280001773206,-0.02443460932026757,-0.011344640041552799,0.01921,0.006050000000000001,0.0029300000000000003,-0.109809,0.24410820000000003,9.7861428,31.028817787,121.44167361500001,15.291,351268.81744178105,3433838.4184836326,12.737441781035159,59.00848363246769,0.0,0.0,0.0,0.0,0.0,50,5,188
1669723327335.0,2022-11-29 20:02:07:323448,19.529999999999973,-1.4000000000000001,-0.65,0.34086280001773206,-0.02443460932026757,-0.011344640041552799,0.03876,-0.004260000000000001,-0.01203,-0.111524,0.24427480000000001,9.7882988,31.028817787,121.441673616,15.291,351268.8175372343,3433838.418482294,12.737537234264892,59.008482293691486,0.0,0.0,0.0,0.0,0.0,50,5,188
1669723327355.0,2022-11-29 20:02:07:343476,19.529999999999973,-1.4000000000000001,-0.65,0.34086280001773206,-0.02443460932026757,-0.011344640041552799,0.02509,0.01581,0.017990000000000003,-0.1091426,0.24383380000000002,9.7847316,31.028817788,121.441673617,15.291,351268.8176342419,3433838.418591801,12.737634241872001,59.008591800928116,0.0,0.0,0.0,0.0,0.0,50,5,188
1669723327375.0,2022-11-29 20:02:07:363477,19.529999999999973,-1.4000000000000001,-0.65,0.34086280001773206,-0.02443460932026757,-0.011344640041552799,0.016720000000000002,0.010990000000000002,0.00642,-0.1092994,0.2403646,9.787554,31.028817789,121.44167361800001,15.291,351268.81773125194,3433838.4187013065,12.737731251923833,59.0087013063021,0.0,0.0,0.0,0.0,0.0,50,5,188
1669723327395.0,2022-11-29 20:02:07:383594,19.529999999999973,-1.3900000000000001,-0.65,0.34086280001773206,-0.02426007639655137,-0.011344640041552799,0.06208,-0.00444,-0.01879,-0.11077920000000001,0.2407272,9.7871228,31.028817789,121.44167361900001,15.291,351268.81782670517,3433838.4186999677,12.737826705153566,59.0086999675259,0.0,0.0,0.0,0.0,0.0,50,5,188
1669723327415.0,2022-11-29 20:02:07:403459,19.529999999999973,-1.3900000000000001,-0.65,0.34086280001773206,-0.02426007639655137,-0.011344640041552799,0.025390000000000003,-0.00625,-0.009800000000000001,-0.110789,0.2401098,9.7881812,31.028817784,121.44167361100001,15.291,351268.8170553025,3433838.418156452,12.737055302481167,59.008156451862305,0.0,0.0,0.0,0.0,0.0,50,5,188
1669723327435.0,2022-11-29 20:02:07:423494,19.529999999999973,-1.3900000000000001,-0.65,0.34086280001773206,-0.02426007639655137,-0.011344640041552799,-0.0194,0.021560000000000003,0.02092,-0.1100932,0.2420012,9.787230600000001,31.028817785,121.441673612,15.291,351268.81715230766,3433838.418265959,12.737152307643555,59.008265958633274,0.0,0.0,0.0,0.0,0.0,50,5,188
1669723327455.0,2022-11-29 20:02:07:443608,19.529999999999973,-1.3900000000000001,-0.65,0.34086280001773206,-0.02426007639655137,-0.011344640041552799,0.04304,0.024,0.01999,-0.1102206,0.2391396,9.7839574,31.028817786,121.441673613,15.291,351268.8172493177,3433838.4183754646,12.737249317695387,59.00837546447292,0.0,0.0,0.0,0.0,0.0,50,5,188
1669723327475.0,2022-11-29 20:02:07:463486,19.529999999999973,-1.3900000000000001,-0.65,0.34086280001773206,-0.02426007639655137,-0.011344640041552799,0.008440000000000001,-0.011410000000000002,-0.026940000000000002,-0.1114652,0.2398256,9.780792,31.028817786,121.44167361400001,15.291,351268.817344771,3433838.4183741263,12.737344770983327,59.00837412616238,0.0,0.0,0.0,0.0,0.0,50,5,188
1669723327495.0,2022-11-29 20:02:07:483172,19.529999999999973,-1.3900000000000001,-0.65,0.34086280001773206,-0.02426007639655137,-0.011344640041552799,-0.03626,-0.043960000000000006,-0.01267,-0.11161220000000001,0.2404038,9.786044799999999,31.028817787,121.44167361500001,15.291,351268.81744178105,3433838.4184836326,12.737441781035159,59.00848363246769,0.0,0.0,0.0,0.0,0.0,50,5,188
1669723327515.0,2022-11-29 20:02:07:503513,19.529999999999973,-1.3900000000000001,-0.65,0.34086280001773206,-0.02426007639655137,-0.011344640041552799,0.05109,-0.00144,0.01034,-0.1126608,0.24325560000000002,9.784672800000001,31.028817788,121.44167361500001,15.290000000000001,351268.8174433354,3433838.418594478,12.737443335412536,59.00859447801486,0.0,0.0,0.0,0.0,0.0,50,5,188
1669723327535.0,2022-11-29 20:02:07:523520,19.529999999999973,-1.3900000000000001,-0.65,0.34086280001773206,-0.02426007639655137,-0.011344640041552799,-0.02562,0.0014900000000000002,0.019370000000000002,-0.1139152,0.242648,9.7834968,31.028817788,121.441673616,15.290000000000001,351268.81753878866,3433838.4185931394,12.737538788642269,59.008593139238656,0.0,0.0,0.0,0.0,0.0,50,5,188
1669723327555.0,2022-11-29 20:02:07:543097,19.529999999999973,-1.4000000000000001,-0.65,0.34086280001773206,-0.02443460932026757,-0.011344640041552799,-0.06788000000000001,0.00536,-0.01837,-0.11272940000000001,0.24343199999999998,9.7851628,31.028817789,121.441673617,15.290000000000001,351268.81763579627,3433838.418702645,12.737635796249378,59.0087026450783,0.0,0.0,0.0,0.0,0.0,50,5,188
1669723327575.0,2022-11-29 20:02:07:563515,19.529999999999973,-1.4000000000000001,-0.65,0.34086280001773206,-0.02443460932026757,-0.011344640041552799,0.00117,-0.011760000000000001,-0.0054600000000000004,-0.11285680000000001,0.2420502,9.7840946,31.02881779,121.44167361800001,15.290000000000001,351268.8177328063,3433838.4188121515,12.73773280630121,59.00881215138361,0.0,0.0,0.0,0.0,0.0,50,5,188
1669723327595.0,2022-11-29 20:02:07:583550,19.529999999999973,-1.4000000000000001,-0.65,0.34086280001773206,-0.02443460932026757,-0.011344640041552799,-0.0302,-0.0046700000000000005,0.01845,-0.1150226,0.24301060000000002,9.789367,31.02881779,121.44167361900001,15.290000000000001,351268.81782825955,3433838.418810813,12.737828259530943,59.00881081307307,0.0,0.0,0.0,0.0,0.0,50,5,188
1669723327615.0,2022-11-29 20:02:07:603739,19.529999999999973,-1.4000000000000001,-0.65,0.34086280001773206,-0.02443460932026757,-0.011344640041552799,0.007850000000000001,0.02468,-0.03674,-0.113631,0.24461780000000002,9.7871816,31.028817785,121.44167361100001,15.290000000000001,351268.81705685693,3433838.418267297,12.737056856916752,59.008267296943814,0.0,0.0,0.0,0.0,0.0,50,5,188
1669723327635.0,2022-11-29 20:02:07:623642,19.529999999999973,-1.4000000000000001,-0.65,0.34086280001773206,-0.02443460932026757,-0.011344640041552799,0.01531,-0.00966,0.0036100000000000004,-0.1115926,0.2422168,9.784672800000001,31.028817786,121.441673612,15.290000000000001,351268.81715386204,3433838.4183768034,12.737153862020932,59.00837680324912,0.0,0.0,0.0,0.0,0.0,50,5,188
1669723327655.0,2022-11-29 20:02:07:643563,19.529999999999973,-1.4000000000000001,-0.65,0.34086280001773206,-0.02443460932026757,-0.011344640041552799,0.0016500000000000002,-0.02306,-0.00234,-0.11004420000000001,0.2413642,9.7832714,31.028817786,121.441673613,15.290000000000001,351268.8172493177,3433838.4183754646,12.737249317695387,59.00837546447292,0.0,0.0,0.0,0.0,0.0,50,5,188
1669723327675.0,2022-11-29 20:02:07:663586,19.529999999999973,-1.4000000000000001,-0.65,0.34086280001773206,-0.02443460932026757,-0.011344640041552799,-0.01084,0.017400000000000002,0.018860000000000002,-0.11026960000000001,0.24025680000000002,9.7826638,31.028817787,121.44167361400001,15.290000000000001,351268.8173463254,3433838.4184849705,12.737346325360704,59.008484970312566,0.0,0.0,0.0,0.0,0.0,50,5,188
1669723327695.0,2022-11-29 20:02:07:683605,19.529999999999973,-1.4000000000000001,-0.65,0.34086280001773206,-0.02443460932026757,-0.011344640041552799,0.029070000000000002,-0.006710000000000001,0.040920000000000005,-0.1115338,0.2409918,9.785211799999999,31.028817788,121.44167361500001,15.290000000000001,351268.8174433354,3433838.418594478,12.737443335412536,59.00859447801486,0.0,0.0,0.0,0.0,0.0,50,5,188
1669723327715.0,2022-11-29 20:02:07:703762,19.529999999999973,-1.4000000000000001,-0.65,0.34086280001773206,-0.02443460932026757,-0.011344640041552799,0.012660000000000001,0.040190000000000003,0.02066,-0.1084762,0.24190319999999998,9.7866622,31.028817788,121.441673616,15.290000000000001,351268.81753878866,3433838.4185931394,12.737538788642269,59.008593139238656,0.0,0.0,0.0,0.0,0.0,50,5,188
1669723327735.0,2022-11-29 20:02:07:723516,19.529999999999973,-1.4000000000000001,-0.65,0.34086280001773206,-0.02443460932026757,-0.011344640041552799,0.01771,-0.01946,-0.03685,-0.10917199999999999,0.24118779999999998,9.78677,31.028817789,121.441673617,15.290000000000001,351268.81763579627,3433838.418702645,12.737635796249378,59.0087026450783,0.0,0.0,0.0,0.0,0.0,50,5,188
1669723327755.0,2022-11-29 20:02:07:743590,19.529999999999973,-1.4000000000000001,-0.65,0.34086280001773206,-0.02443460932026757,-0.011344640041552799,-0.01259,-0.012740000000000001,0.034910000000000004,-0.1086526,0.24097220000000003,9.785594,31.028817789,121.44167361800001,15.290000000000001,351268.81773125194,3433838.4187013065,12.737731251923833,59.0087013063021,0.0,0.0,0.0,0.0,0.0,50,5,188
1669723327775.0,2022-11-29 20:02:07:763331,19.529999999999973,-1.4000000000000001,-0.65,0.34086280001773206,-0.02443460932026757,-0.011344640041552799,-0.011760000000000001,0.0010400000000000001,-0.005940000000000001,-0.1101618,0.24155040000000003,9.7879558,31.02881779,121.44167361900001,15.290000000000001,351268.81782825955,3433838.418810813,12.737828259530943,59.00881081307307,0.0,0.0,0.0,0.0,0.0,50,5,188
1669723327795.0,2022-11-29 20:02:07:783715,19.529999999999973,-1.4000000000000001,-0.65,0.34086280001773206,-0.02443460932026757,-0.011344640041552799,0.027190000000000002,-0.01088,0.01301,-0.1107204,0.2423148,9.7881714,31.028817791,121.44167362,15.290000000000001,351268.81792526715,3433838.4189203195,12.737925267138053,59.008920319378376,0.0,0.0,0.0,0.0,0.0,50,5,188
1669723327815.0,2022-11-29 20:02:07:803572,19.529999999999973,-1.4000000000000001,-0.65,0.34086280001773206,-0.02443460932026757,-0.011344640041552799,-0.022150000000000003,-0.00126,0.00017,-0.10991680000000001,0.2420502,9.7865544,31.028817786,121.44167361000001,15.290000000000001,351268.81696295564,3433838.41837948,12.736962955619674,59.0083794798702,0.0,0.0,0.0,0.0,0.0,50,5,188
1669723327835.0,2022-11-29 20:02:07:823673,19.529999999999973,-1.4000000000000001,-0.65,0.34086280001773206,-0.02443460932026757,-0.011344640041552799,-0.03126,0.01301,0.00076,-0.1106714,0.242207,9.784957,31.028817786,121.44167361100001,15.290000000000001,351268.8170584113,3433838.4183781417,12.737058411294129,59.00837814155966,0.0,0.0,0.0,0.0,0.0,50,5,188
1669723327855.0,2022-11-29 20:02:07:843792,19.529999999999973,-1.4000000000000001,-0.65,0.34086280001773206,-0.02443460932026757,-0.011344640041552799,0.012570000000000001,0.0050100000000000006,0.041670000000000006,-0.11084780000000001,0.2419424,9.780243200000001,31.028817787,121.441673612,15.290000000000001,351268.8171554165,3433838.4184876485,12.737155416456517,59.00848764833063,0.0,0.0,0.0,0.0,0.0,50,5,188
1669723327875.0,2022-11-29 20:02:07:863654,19.529999999999973,-1.4000000000000001,-0.65,0.34086280001773206,-0.02443460932026757,-0.011344640041552799,0.007110000000000001,-0.007770000000000001,0.04832,-0.1114358,0.24141320000000002,9.7864074,31.028817788,121.441673613,15.290000000000001,351268.8172524265,3433838.418597155,12.737252426508348,59.008597154635936,0.0,0.0,0.0,0.0,0.0,50,5,188
1669723327895.0,2022-11-29 20:02:07:883794,19.529999999999973,-1.4000000000000001,-0.65,0.34086280001773206,-0.02443460932026757,-0.011344640041552799,0.0027600000000000003,0.006920000000000001,0.007010000000000001,-0.112749,0.2437358,9.788230200000001,31.028817788,121.44167361400001,15.290000000000001,351268.81734787975,3433838.418595816,12.737347879738081,59.008595815859735,0.0,0.0,0.0,0.0,0.0,50,5,188
1669723327915.0,2022-11-29 20:02:07:903582,19.529999999999973,-1.4000000000000001,-0.65,0.34086280001773206,-0.02443460932026757,-0.011344640041552799,-0.018580000000000003,0.017,0.021640000000000003,-0.1125334,0.2454018,9.7867994,31.028817789,121.44167361500001,15.290000000000001,351268.8174448898,3433838.4187053223,12.737444889789913,59.00870532216504,0.0,0.0,0.0,0.0,0.0,50,5,188
1669723327935.0,2022-11-29 20:02:07:923695,19.529999999999973,-1.4000000000000001,-0.65,0.34086280001773206,-0.02443460932026757,-0.011344640041552799,-0.027760000000000003,0.01544,0.011370000000000002,-0.1140622,0.24161900000000003,9.7881322,31.02881779,121.441673616,15.290000000000001,351268.8175418975,3433838.418814829,12.73754189745523,59.00881482893601,0.0,0.0,0.0,0.0,0.0,50,5,188
1669723327955.0,2022-11-29 20:02:07:943837,19.529999999999973,-1.4000000000000001,-0.65,0.34086280001773206,-0.02443460932026757,-0.011344640041552799,0.0125,-0.030560000000000004,0.009030000000000002,-0.11193560000000001,0.2412466,9.784957,31.02881779,121.441673617,15.290000000000001,351268.8176373507,3433838.418813491,12.737637350684963,59.00881349062547,0.0,0.0,0.0,0.0,0.0,50,5,188
1669723327975.0,2022-11-29 20:02:07:963710,19.529999999999973,-1.4000000000000001,-0.65,0.34086280001773206,-0.02443460932026757,-0.011344640041552799,-0.03663,-0.022940000000000002,0.01131,-0.1133958,0.24244220000000002,9.7865642,31.028817791,121.441673617,15.290000000000001,351268.8176389051,3433838.418924335,12.73763890506234,59.00892433477566,0.0,0.0,0.0,0.0,0.0,50,5,188
1669723327995.0,2022-11-29 20:02:07:983716,19.529999999999973,-1.4000000000000001,-0.65,0.34086280001773206,-0.02443460932026757,-0.011344640041552799,0.01682,0.04188,-0.0024000000000000002,-0.1118082,0.24328500000000003,9.787309,31.028817792,121.44167361800001,15.290000000000001,351268.81773591513,3433838.419033842,12.737735915114172,59.009033842012286,0.0,0.0,0.0,0.0,0.0,50,5,188
1669723328015.0,2022-11-29 20:02:08:003661,19.529999999999973,-1.4000000000000001,-0.65,0.34086280001773206,-0.02443460932026757,-0.011344640041552799,0.03339,-0.03962,-0.03279,-0.1128666,0.2423834,9.784908,31.028817792,121.44167361900001,15.290000000000001,351268.81783136836,3433838.4190325034,12.737831368343905,59.009032503236085,0.0,0.0,0.0,0.0,0.0,50,5,188
1669723328035.0,2022-11-29 20:02:08:023253,19.529999999999973,-1.4000000000000001,-0.65,0.34086280001773206,-0.02443460932026757,-0.011344640041552799,0.02766,4e-05,0.014300000000000002,-0.112455,0.2410604,9.7855156,31.028817787,121.441673612,15.290000000000001,351268.8171554165,3433838.4184876485,12.737155416456517,59.00848764833063,0.0,0.0,0.0,0.0,0.0,50,5,188
1669723328055.0,2022-11-29 20:02:08:043677,19.529999999999973,-1.4000000000000001,-0.65,0.34086280001773206,-0.02443460932026757,-0.011344640041552799,0.04068,-0.017320000000000002,-0.015460000000000002,-0.11042640000000001,0.2394042,9.783575200000001,31.028817788,121.441673613,15.290000000000001,351268.8172524265,3433838.418597155,12.737252426508348,59.008597154635936,0.0,0.0,0.0,0.0,0.0,50,5,188
1669723328075.0,2022-11-29 20:02:08:063700,19.529999999999973,-1.4000000000000001,-0.65,0.34086280001773206,-0.02443460932026757,-0.011344640041552799,0.0086,0.00884,-0.0018000000000000002,-0.11109279999999999,0.2416778,9.7852216,31.028817788,121.44167361400001,15.290000000000001,351268.81734787975,3433838.418595816,12.737347879738081,59.008595815859735,0.0,0.0,0.0,0.0,0.0,50,5,188
1669723328095.0,2022-11-29 20:02:08:083715,19.529999999999973,-1.4000000000000001,-0.65,0.34086280001773206,-0.02443460932026757,-0.011344640041552799,-0.007980000000000001,-0.031170000000000003,0.019280000000000002,-0.1117592,0.24190319999999998,9.7843298,31.028817789,121.44167361500001,15.290000000000001,351268.8174448898,3433838.4187053223,12.737444889789913,59.00870532216504,0.0,0.0,0.0,0.0,0.0,50,5,188
1669723328115.0,2022-11-29 20:02:08:103298,19.529999999999973,-1.4000000000000001,-0.65,0.34086280001773206,-0.02443460932026757,-0.011344640041552799,0.015550000000000001,0.026000000000000002,0.013460000000000001,-0.110887,0.2419718,9.783242,31.02881779,121.441673616,15.290000000000001,351268.8175418975,3433838.418814829,12.73754189745523,59.00881482893601,0.0,0.0,0.0,0.0,0.0,50,5,188
1669723328135.0,2022-11-29 20:02:08:123652,19.529999999999973,-1.4000000000000001,-0.65,0.34086280001773206,-0.02443460932026757,-0.011344640041552799,0.0031500000000000005,0.0026200000000000004,0.0177,-0.1110144,0.23908079999999998,9.781184,31.02881779,121.441673616,15.290000000000001,351268.8175418975,3433838.418814829,12.73754189745523,59.00881482893601,0.0,0.0,0.0,0.0,0.0,50,5,188
1669723328155.0,2022-11-29 20:02:08:143691,19.529999999999973,-1.4000000000000001,-0.65,0.34086280001773206,-0.02443460932026757,-0.011344640041552799,0.01623,-0.030920000000000003,-0.055850000000000004,-0.11042640000000001,0.23937480000000003,9.7870346,31.028817791,121.441673617,15.290000000000001,351268.8176389051,3433838.418924335,12.73763890506234,59.00892433477566,0.0,0.0,0.0,0.0,0.0,50,5,188
1669723328175.0,2022-11-29 20:02:08:163804,19.529999999999973,-1.4000000000000001,-0.65,0.34086280001773206,-0.02443460932026757,-0.011344640041552799,0.030890000000000004,0.021650000000000003,0.00481,-0.1106518,0.2424618,9.7881126,31.028817792,121.44167361800001,15.290000000000001,351268.81773591513,3433838.419033842,12.737735915114172,59.009033842012286,0.0,0.0,0.0,0.0,0.0,50,5,188
1669723328195.0,2022-11-29 20:02:08:183824,19.529999999999973,-1.4000000000000001,-0.65,0.34086280001773206,-0.02443460932026757,-0.011344640041552799,0.018660000000000003,0.017720000000000003,-0.005960000000000001,-0.1111516,0.2425794,9.7870542,31.028817792,121.44167361900001,15.290000000000001,351268.81783136836,3433838.4190325034,12.737831368343905,59.009032503236085,0.0,0.0,0.0,0.0,0.0,50,5,188
1669723328215.0,2022-11-29 20:02:08:203745,19.529999999999973,-1.4000000000000001,-0.65,0.34086280001773206,-0.02443460932026757,-0.011344640041552799,0.0039700000000000004,0.01196,0.012820000000000002,-0.1101912,0.242158,9.787456,31.028817786,121.44167361000001,15.290000000000001,351268.81696295564,3433838.41837948,12.736962955619674,59.0083794798702,0.0,0.0,0.0,0.0,0.0,50,5,188
1669723328235.0,2022-11-29 20:02:08:223694,19.529999999999973,-1.4000000000000001,-0.65,0.34086280001773206,-0.02443460932026757,-0.011344640041552799,0.01408,0.01956,0.00632,-0.11081840000000001,0.24288320000000002,9.7821836,31.028817787,121.44167361100001,15.290000000000001,351268.8170599657,3433838.4184889873,12.737059965671506,59.00848898710683,0.0,0.0,0.0,0.0,0.0,50,5,188
1669723328255.0,2022-11-29 20:02:08:243776,19.529999999999973,-1.4000000000000001,-0.65,0.34086280001773206,-0.02443460932026757,-0.011344640041552799,0.00708,-0.011380000000000001,-0.011120000000000001,-0.1097698,0.2420796,9.7850746,31.028817788,121.441673612,15.290000000000001,351268.8171569709,3433838.418598493,12.737156970892102,59.008598492946476,0.0,0.0,0.0,0.0,0.0,50,5,188
1669723328275.0,2022-11-29 20:02:08:263807,19.529999999999973,-1.4000000000000001,-0.65,0.34086280001773206,-0.02443460932026757,-0.011344640041552799,-0.023090000000000003,0.030010000000000002,0.0032600000000000003,-0.11123,0.2447844,9.787309,31.028817788,121.441673613,15.290000000000001,351268.8172524265,3433838.418597155,12.737252426508348,59.008597154635936,0.0,0.0,0.0,0.0,0.0,50,5,188
1669723328295.0,2022-11-29 20:02:08:283924,19.529999999999973,-1.4000000000000001,-0.65,0.34086280001773206,-0.02443460932026757,-0.011344640041552799,0.015620000000000002,0.016800000000000002,-0.00223,-0.10940720000000001,0.2432654,9.7863192,31.028817789,121.44167361400001,15.290000000000001,351268.81734943413,3433838.4187066606,12.737349434115458,59.00870666047558,0.0,0.0,0.0,0.0,0.0,50,5,188
1669723328315.0,2022-11-29 20:02:08:303792,19.529999999999973,-1.4000000000000001,-0.65,0.34086280001773206,-0.02443460932026757,-0.011344640041552799,-0.021300000000000003,-0.03781,0.012900000000000002,-0.11008340000000001,0.24186400000000002,9.7874364,31.02881779,121.44167361400001,15.290000000000001,351268.81735098857,3433838.418817506,12.737350988551043,59.00881750602275,0.0,0.0,0.0,0.0,0.0,50,5,188
1669723328335.0,2022-11-29 20:02:08:323690,19.529999999999973,-1.4000000000000001,-0.65,0.34086280001773206,-0.02443460932026757,-0.011344640041552799,-0.00719,0.0013000000000000002,-0.0076500000000000005,-0.11172,0.242109,9.7863486,31.02881779,121.44167361500001,15.290000000000001,351268.8174464442,3433838.418816168,12.73744644416729,59.00881616771221,0.0,0.0,0.0,0.0,0.0,50,5,188
1669723328355.0,2022-11-29 20:02:08:343847,19.529999999999973,-1.4000000000000001,-0.65,0.34086280001773206,-0.02443460932026757,-0.011344640041552799,-0.00055,-0.018240000000000003,0.02142,-0.1125726,0.24234419999999998,9.7862408,31.028817791,121.441673616,15.290000000000001,351268.8175434518,3433838.4189256737,12.7375434517744,59.00892567355186,0.0,0.0,0.0,0.0,0.0,50,5,188
1669723328375.0,2022-11-29 20:02:08:363711,19.529999999999973,-1.4000000000000001,-0.65,0.34086280001773206,-0.02443460932026757,-0.011344640041552799,-0.00807,-0.032600000000000004,0.05346000000000001,-0.1139348,0.2411584,9.7888476,31.028817792,121.441673617,15.290000000000001,351268.8176404595,3433838.4190351805,12.737640459497925,59.009035180322826,0.0,0.0,0.0,0.0,0.0,50,5,188
1669723328395.0,2022-11-29 20:02:08:383855,19.529999999999973,-1.4000000000000001,-0.65,0.34086280001773206,-0.02443460932026757,-0.011344640041552799,0.06804,0.018410000000000003,-0.02825,-0.1144836,0.2416288,9.782742200000001,31.028817792,121.44167361800001,15.290000000000001,351268.81773591513,3433838.419033842,12.737735915114172,59.009033842012286,0.0,0.0,0.0,0.0,0.0,50,5,188
1669723328415.0,2022-11-29 20:02:08:403808,19.529999999999973,-1.4000000000000001,-0.65,0.34086280001773206,-0.02443460932026757,-0.011344640041552799,-0.019860000000000003,0.00944,-0.017650000000000002,-0.1137976,0.2400706,9.7818896,31.028817787,121.441673609,15.290000000000001,351268.8168690568,3433838.4184916643,12.736869056767318,59.00849166419357,0.0,0.0,0.0,0.0,0.0,50,5,188
1669723328435.0,2022-11-29 20:02:08:423761,19.529999999999973,-1.4000000000000001,-0.65,0.34086280001773206,-0.02443460932026757,-0.011344640041552799,0.02151,-0.0182,-0.030270000000000002,-0.1123864,0.24017840000000001,9.7849178,31.028817788,121.44167361000001,15.290000000000001,351268.8169660644,3433838.4186011706,12.736966064374428,59.00860117049888,0.0,0.0,0.0,0.0,0.0,50,5,188
1669723328455.0,2022-11-29 20:02:08:443808,19.529999999999973,-1.4000000000000001,-0.65,0.34086280001773206,-0.02443460932026757,-0.011344640041552799,0.01349,0.006260000000000001,-0.016700000000000003,-0.1115044,0.24281460000000002,9.7837418,31.028817788,121.44167361100001,15.290000000000001,351268.81706152007,3433838.4185998314,12.737061520048883,59.008599831257015,0.0,0.0,0.0,0.0,0.0,50,5,188
1669723328475.0,2022-11-29 20:02:08:463817,19.529999999999973,-1.4000000000000001,-0.65,0.34086280001773206,-0.02443460932026757,-0.011344640041552799,0.025910000000000002,0.013200000000000002,-0.021800000000000003,-0.11024020000000001,0.2425108,9.7872796,31.028817789,121.44167361100001,15.290000000000001,351268.8170630745,3433838.4187106765,12.737063074484468,59.008710676338524,0.0,0.0,0.0,0.0,0.0,50,5,188
